{
    "__comment": "Model generated using MrCrayfish's Model Creator (https://mrcrayfish.com/tools?id=mc)",
    "textures": {
        "0": "blocks/cauldron_side",
        "1": "blocks/cauldron_inner",
        "2": "blocks/wool_colored_red"
    },
    "display": {
        "gui": {
            "rotation": [ 30, 45, 0 ],
            "translation": [ 0.5, 1, 0 ],
            "scale": [ 0.625, 0.625, 0.625 ]
        },
        "ground": {
            "rotation": [ 0, 0, 0 ],
            "translation": [ 0, 3, 0 ],
            "scale": [ 0.25, 0.25, 0.25 ]
        },
        "fixed": {
            "rotation": [ -90, 180, 0 ],
            "translation": [ 0, 0, -7.25 ],
            "scale": [ 1.0, 1.0, 1.0 ]
        },
        "thirdperson_righthand": {
            "rotation": [ 75, 45, 0 ],
            "translation": [ 0, 2.5, 0 ],
            "scale": [ 0.375, 0.375, 0.375 ]
        },
        "firstperson_righthand": {
            "rotation": [ 0, 45, 0 ],
            "translation": [ 0, 2.5, 0 ],
            "scale": [ 0.4, 0.4, 0.4 ]
        }
    },
    "elements": [
        {
            "name": "base",
            "from": [ 1.00, 0.00, 3.00 ], 
            "to": [ 15.00, 1.00, 15.00 ], 
            "faces": {
                "north": { "texture": "#0", "uv": [ 1.00, 0.00, 15.00, 1.00 ] },
                "east": { "texture": "#0", "uv": [ 0.00, 0.00, 1.00, 1.00 ] },
                "south": { "texture": "#0", "uv": [ 0.00, 0.00, 1.00, 1.00 ] },
                "west": { "texture": "#0", "uv": [ 0.00, 0.00, 1.00, 1.00 ] },
                "up": { "texture": "#0", "uv": [ 2.00, 0.00, 14.00, 9.00 ] },
                "down": { "texture": "#0", "uv": [ 0.00, 0.00, 1.00, 1.00 ] }
            }
        },
        {
            "name": "left_speaker",
            "from": [ 1.00, 1.00, 3.20 ], 
            "to": [ 4.00, 1.50, 4.30 ], 
            "rotation": { "origin": [ 8.0, 1.4999999925494194, 3.0 ], "axis": "x", "angle": 22.5 },
            "faces": {
                "north": { "texture": "#1", "uv": [ 0.00, 0.00, 1.00, 0.50 ] },
                "east": { "texture": "#1", "uv": [ 0.00, 0.00, 1.10, 0.50 ] },
                "south": { "texture": "#1", "uv": [ 0.00, 0.00, 1.00, 0.50 ] },
                "west": { "texture": "#1", "uv": [ 0.00, 0.00, 1.10, 0.50 ] },
                "up": { "texture": "#2", "uv": [ 0.00, 0.00, 8.00, 5.00 ] },
                "down": { "texture": "#1", "uv": [ 0.00, 0.00, 1.00, 1.10 ] }
            }
        },
        {
            "name": "right_speaker",
            "from": [ 12.00, 1.00, 3.20 ], 
            "to": [ 15.00, 1.50, 4.30 ], 
            "rotation": { "origin": [ 8.0, 1.4999999925494194, 3.0 ], "axis": "x", "angle": 22.5 },
            "faces": {
                "north": { "texture": "#0", "uv": [ 0.00, 0.00, 1.00, 0.50 ] },
                "east": { "texture": "#1", "uv": [ 0.00, 0.00, 1.10, 0.50 ] },
                "south": { "texture": "#1", "uv": [ 0.00, 0.00, 1.00, 0.50 ] },
                "west": { "texture": "#1", "uv": [ 0.00, 1.00, 1.10, 1.50 ] },
                "up": { "texture": "#2", "uv": [ 0.00, 0.00, 8.00, 5.00 ] },
                "down": { "texture": "#1", "uv": [ 0.00, 0.00, 1.00, 1.10 ] }
            }
        },
        {
            "name": "trackpad",
            "from": [ 5.00, 1.00, 11.50 ], 
            "to": [ 9.00, 1.10, 14.50 ], 
            "faces": {
                "north": { "texture": "#0", "uv": [ 0.00, 0.00, 4.00, 0.10 ] },
                "east": { "texture": "#0", "uv": [ 0.00, 0.00, 3.00, 0.10 ] },
                "south": { "texture": "#0", "uv": [ 0.00, 0.00, 4.00, 0.10 ] },
                "west": { "texture": "#0", "uv": [ 0.00, 0.00, 3.00, 0.10 ] },
                "up": { "texture": "#0", "uv": [ 0.00, 15.00, 1.00, 16.00 ] },
                "down": { "texture": "#0", "uv": [ 0.00, 0.00, 4.00, 3.00 ] }
            }
        },
        {
            "name": "key_1",
            "from": [ 2.00, 1.00, 5.00 ], 
            "to": [ 3.00, 1.10, 5.80 ], 
            "faces": {
                "north": { "texture": "#2", "uv": [ 0.00, 0.00, 1.00, 0.10 ] },
                "east": { "texture": "#2", "uv": [ 0.00, 0.00, 0.80, 0.10 ] },
                "south": { "texture": "#2", "uv": [ 0.00, 0.00, 1.00, 0.10 ] },
                "west": { "texture": "#2", "uv": [ 0.00, 0.00, 0.80, 0.10 ] },
                "up": { "texture": "#0", "uv": [ 0.00, 15.00, 1.00, 15.80 ] },
                "down": { "texture": "#2", "uv": [ 0.00, 0.00, 1.00, 0.80 ] }
            }
        },
        {
            "name": "key_2",
            "from": [ 3.10, 1.00, 5.00 ], 
            "to": [ 4.10, 1.10, 5.80 ], 
            "faces": {
                "north": { "texture": "#2", "uv": [ 0.00, 0.00, 1.00, 0.10 ] },
                "east": { "texture": "#2", "uv": [ 0.00, 0.00, 0.80, 0.10 ] },
                "south": { "texture": "#2", "uv": [ 0.00, 0.00, 1.00, 0.10 ] },
                "west": { "texture": "#2", "uv": [ 0.00, 0.00, 0.80, 0.10 ] },
                "up": { "texture": "#0", "uv": [ 0.00, 15.00, 1.00, 15.80 ] },
                "down": { "texture": "#2", "uv": [ 0.00, 0.00, 1.00, 0.80 ] }
            }
        },
        {
            "name": "key_3",
            "from": [ 4.20, 1.00, 5.00 ], 
            "to": [ 5.20, 1.10, 5.80 ], 
            "faces": {
                "north": { "texture": "#2", "uv": [ 0.00, 0.00, 1.00, 0.10 ] },
                "east": { "texture": "#2", "uv": [ 0.00, 0.00, 0.80, 0.10 ] },
                "south": { "texture": "#2", "uv": [ 0.00, 0.00, 1.00, 0.10 ] },
                "west": { "texture": "#2", "uv": [ 0.00, 0.00, 0.80, 0.10 ] },
                "up": { "texture": "#0", "uv": [ 0.00, 15.00, 1.00, 15.80 ] },
                "down": { "texture": "#2", "uv": [ 0.00, 0.00, 1.00, 0.80 ] }
            }
        },
        {
            "name": "key_4",
            "from": [ 5.30, 1.00, 5.00 ], 
            "to": [ 6.30, 1.10, 5.80 ], 
            "faces": {
                "north": { "texture": "#2", "uv": [ 0.00, 0.00, 1.00, 0.10 ] },
                "east": { "texture": "#2", "uv": [ 0.00, 0.00, 0.80, 0.10 ] },
                "south": { "texture": "#2", "uv": [ 0.00, 0.00, 1.00, 0.10 ] },
                "west": { "texture": "#2", "uv": [ 0.00, 0.00, 0.80, 0.10 ] },
                "up": { "texture": "#0", "uv": [ 0.00, 15.00, 1.00, 15.80 ] },
                "down": { "texture": "#2", "uv": [ 0.00, 0.00, 1.00, 0.80 ] }
            }
        },
        {
            "name": "key_5",
            "from": [ 6.40, 1.00, 5.00 ], 
            "to": [ 7.40, 1.10, 5.80 ], 
            "faces": {
                "north": { "texture": "#2", "uv": [ 0.00, 0.00, 1.00, 0.10 ] },
                "east": { "texture": "#2", "uv": [ 0.00, 0.00, 0.80, 0.10 ] },
                "south": { "texture": "#2", "uv": [ 0.00, 0.00, 1.00, 0.10 ] },
                "west": { "texture": "#2", "uv": [ 0.00, 0.00, 0.80, 0.10 ] },
                "up": { "texture": "#0", "uv": [ 0.00, 15.00, 1.00, 15.80 ] },
                "down": { "texture": "#2", "uv": [ 0.00, 0.00, 1.00, 0.80 ] }
            }
        },
        {
            "name": "key_6",
            "from": [ 7.50, 1.00, 5.00 ], 
            "to": [ 8.50, 1.10, 5.80 ], 
            "faces": {
                "north": { "texture": "#2", "uv": [ 0.00, 0.00, 1.00, 0.10 ] },
                "east": { "texture": "#2", "uv": [ 0.00, 0.00, 0.80, 0.10 ] },
                "south": { "texture": "#2", "uv": [ 0.00, 0.00, 1.00, 0.10 ] },
                "west": { "texture": "#2", "uv": [ 0.00, 0.00, 0.80, 0.10 ] },
                "up": { "texture": "#0", "uv": [ 0.00, 15.00, 1.00, 15.80 ] },
                "down": { "texture": "#2", "uv": [ 0.00, 0.00, 1.00, 0.80 ] }
            }
        },
        {
            "name": "key_7",
            "from": [ 8.60, 1.00, 5.00 ], 
            "to": [ 9.60, 1.10, 5.80 ], 
            "faces": {
                "north": { "texture": "#2", "uv": [ 0.00, 0.00, 1.00, 0.10 ] },
                "east": { "texture": "#2", "uv": [ 0.00, 0.00, 0.80, 0.10 ] },
                "south": { "texture": "#2", "uv": [ 0.00, 0.00, 1.00, 0.10 ] },
                "west": { "texture": "#2", "uv": [ 0.00, 0.00, 0.80, 0.10 ] },
                "up": { "texture": "#0", "uv": [ 0.00, 15.00, 1.00, 15.80 ] },
                "down": { "texture": "#2", "uv": [ 0.00, 0.00, 1.00, 0.80 ] }
            }
        },
        {
            "name": "key_8",
            "from": [ 9.70, 1.00, 5.00 ], 
            "to": [ 10.70, 1.10, 5.80 ], 
            "faces": {
                "north": { "texture": "#2", "uv": [ 0.00, 0.00, 1.00, 0.10 ] },
                "east": { "texture": "#2", "uv": [ 0.00, 0.00, 0.80, 0.10 ] },
                "south": { "texture": "#2", "uv": [ 0.00, 0.00, 1.00, 0.10 ] },
                "west": { "texture": "#2", "uv": [ 0.00, 0.00, 0.80, 0.10 ] },
                "up": { "texture": "#0", "uv": [ 0.00, 15.00, 1.00, 15.80 ] },
                "down": { "texture": "#2", "uv": [ 0.00, 0.00, 1.00, 0.80 ] }
            }
        },
        {
            "name": "key_9",
            "from": [ 10.80, 1.00, 5.00 ], 
            "to": [ 11.80, 1.10, 5.80 ], 
            "faces": {
                "north": { "texture": "#2", "uv": [ 0.00, 0.00, 1.00, 0.10 ] },
                "east": { "texture": "#2", "uv": [ 0.00, 0.00, 0.80, 0.10 ] },
                "south": { "texture": "#2", "uv": [ 0.00, 0.00, 1.00, 0.10 ] },
                "west": { "texture": "#2", "uv": [ 0.00, 0.00, 0.80, 0.10 ] },
                "up": { "texture": "#0", "uv": [ 0.00, 15.00, 1.00, 15.80 ] },
                "down": { "texture": "#2", "uv": [ 0.00, 0.00, 1.00, 0.80 ] }
            }
        },
        {
            "name": "key_10",
            "from": [ 11.90, 1.00, 5.00 ], 
            "to": [ 12.90, 1.10, 5.80 ], 
            "faces": {
                "north": { "texture": "#2", "uv": [ 0.00, 0.00, 1.00, 0.10 ] },
                "east": { "texture": "#2", "uv": [ 0.00, 0.00, 0.80, 0.10 ] },
                "south": { "texture": "#2", "uv": [ 0.00, 0.00, 1.00, 0.10 ] },
                "west": { "texture": "#2", "uv": [ 0.00, 0.00, 0.80, 0.10 ] },
                "up": { "texture": "#0", "uv": [ 0.00, 15.00, 1.00, 15.80 ] },
                "down": { "texture": "#2", "uv": [ 0.00, 0.00, 1.00, 0.80 ] }
            }
        },
        {
            "name": "key_11",
            "from": [ 13.00, 1.00, 5.00 ], 
            "to": [ 14.00, 1.10, 5.80 ], 
            "faces": {
                "north": { "texture": "#2", "uv": [ 0.00, 0.00, 1.00, 0.10 ] },
                "east": { "texture": "#2", "uv": [ 0.00, 0.00, 0.80, 0.10 ] },
                "south": { "texture": "#2", "uv": [ 0.00, 0.00, 1.00, 0.10 ] },
                "west": { "texture": "#2", "uv": [ 0.00, 0.00, 0.80, 0.10 ] },
                "up": { "texture": "#0", "uv": [ 0.00, 15.00, 1.00, 15.80 ] },
                "down": { "texture": "#2", "uv": [ 0.00, 0.00, 1.00, 0.80 ] }
            }
        },
        {
            "name": "key_12",
            "from": [ 2.00, 1.00, 6.10 ], 
            "to": [ 3.00, 1.10, 7.10 ], 
            "faces": {
                "north": { "texture": "#2", "uv": [ 0.00, 0.00, 1.00, 0.10 ] },
                "east": { "texture": "#2", "uv": [ 0.00, 0.00, 1.00, 0.10 ] },
                "south": { "texture": "#2", "uv": [ 0.00, 0.00, 1.00, 0.10 ] },
                "west": { "texture": "#2", "uv": [ 0.00, 0.00, 1.00, 0.10 ] },
                "up": { "texture": "#0", "uv": [ 0.00, 15.00, 1.00, 16.00 ] },
                "down": { "texture": "#2", "uv": [ 0.00, 0.00, 1.00, 1.00 ] }
            }
        },
        {
            "name": "key_13",
            "from": [ 3.10, 1.00, 6.10 ], 
            "to": [ 4.10, 1.10, 7.10 ], 
            "faces": {
                "north": { "texture": "#2", "uv": [ 0.00, 0.00, 1.00, 0.10 ] },
                "east": { "texture": "#2", "uv": [ 0.00, 0.00, 1.00, 0.10 ] },
                "south": { "texture": "#2", "uv": [ 0.00, 0.00, 1.00, 0.10 ] },
                "west": { "texture": "#2", "uv": [ 0.00, 0.00, 1.00, 0.10 ] },
                "up": { "texture": "#0", "uv": [ 0.00, 15.00, 1.00, 16.00 ] },
                "down": { "texture": "#2", "uv": [ 0.00, 0.00, 1.00, 1.00 ] }
            }
        },
        {
            "name": "key_14",
            "from": [ 4.20, 1.00, 6.10 ], 
            "to": [ 5.20, 1.10, 7.10 ], 
            "faces": {
                "north": { "texture": "#2", "uv": [ 0.00, 0.00, 1.00, 0.10 ] },
                "east": { "texture": "#2", "uv": [ 0.00, 0.00, 1.00, 0.10 ] },
                "south": { "texture": "#2", "uv": [ 0.00, 0.00, 1.00, 0.10 ] },
                "west": { "texture": "#2", "uv": [ 0.00, 0.00, 1.00, 0.10 ] },
                "up": { "texture": "#0", "uv": [ 0.00, 15.00, 1.00, 16.00 ] },
                "down": { "texture": "#2", "uv": [ 0.00, 0.00, 1.00, 1.00 ] }
            }
        },
        {
            "name": "key_15",
            "from": [ 5.30, 1.00, 6.10 ], 
            "to": [ 6.30, 1.10, 7.10 ], 
            "faces": {
                "north": { "texture": "#2", "uv": [ 0.00, 0.00, 1.00, 0.10 ] },
                "east": { "texture": "#2", "uv": [ 0.00, 0.00, 1.00, 0.10 ] },
                "south": { "texture": "#2", "uv": [ 0.00, 0.00, 1.00, 0.10 ] },
                "west": { "texture": "#2", "uv": [ 0.00, 0.00, 1.00, 0.10 ] },
                "up": { "texture": "#0", "uv": [ 0.00, 15.00, 1.00, 16.00 ] },
                "down": { "texture": "#2", "uv": [ 0.00, 0.00, 1.00, 1.00 ] }
            }
        },
        {
            "name": "key_16",
            "from": [ 6.40, 1.00, 6.10 ], 
            "to": [ 7.40, 1.10, 7.10 ], 
            "faces": {
                "north": { "texture": "#2", "uv": [ 0.00, 0.00, 1.00, 0.10 ] },
                "east": { "texture": "#2", "uv": [ 0.00, 0.00, 1.00, 0.10 ] },
                "south": { "texture": "#2", "uv": [ 0.00, 0.00, 1.00, 0.10 ] },
                "west": { "texture": "#2", "uv": [ 0.00, 0.00, 1.00, 0.10 ] },
                "up": { "texture": "#0", "uv": [ 0.00, 15.00, 1.00, 16.00 ] },
                "down": { "texture": "#2", "uv": [ 0.00, 0.00, 1.00, 1.00 ] }
            }
        },
        {
            "name": "key_17",
            "from": [ 7.50, 1.00, 6.10 ], 
            "to": [ 8.50, 1.10, 7.10 ], 
            "faces": {
                "north": { "texture": "#2", "uv": [ 0.00, 0.00, 1.00, 0.10 ] },
                "east": { "texture": "#2", "uv": [ 0.00, 0.00, 1.00, 0.10 ] },
                "south": { "texture": "#2", "uv": [ 0.00, 0.00, 1.00, 0.10 ] },
                "west": { "texture": "#2", "uv": [ 0.00, 0.00, 1.00, 0.10 ] },
                "up": { "texture": "#0", "uv": [ 0.00, 15.00, 1.00, 16.00 ] },
                "down": { "texture": "#2", "uv": [ 0.00, 0.00, 1.00, 1.00 ] }
            }
        },
        {
            "name": "key_18",
            "from": [ 8.60, 1.00, 6.10 ], 
            "to": [ 9.60, 1.10, 7.10 ], 
            "faces": {
                "north": { "texture": "#2", "uv": [ 0.00, 0.00, 1.00, 0.10 ] },
                "east": { "texture": "#2", "uv": [ 0.00, 0.00, 1.00, 0.10 ] },
                "south": { "texture": "#2", "uv": [ 0.00, 0.00, 1.00, 0.10 ] },
                "west": { "texture": "#2", "uv": [ 0.00, 0.00, 1.00, 0.10 ] },
                "up": { "texture": "#0", "uv": [ 0.00, 15.00, 1.00, 16.00 ] },
                "down": { "texture": "#2", "uv": [ 0.00, 0.00, 1.00, 1.00 ] }
            }
        },
        {
            "name": "key_19",
            "from": [ 9.70, 1.00, 6.10 ], 
            "to": [ 10.70, 1.10, 7.10 ], 
            "faces": {
                "north": { "texture": "#2", "uv": [ 0.00, 0.00, 1.00, 0.10 ] },
                "east": { "texture": "#2", "uv": [ 0.00, 0.00, 1.00, 0.10 ] },
                "south": { "texture": "#2", "uv": [ 0.00, 0.00, 1.00, 0.10 ] },
                "west": { "texture": "#2", "uv": [ 0.00, 0.00, 1.00, 0.10 ] },
                "up": { "texture": "#0", "uv": [ 0.00, 15.00, 1.00, 16.00 ] },
                "down": { "texture": "#2", "uv": [ 0.00, 0.00, 1.00, 1.00 ] }
            }
        },
        {
            "name": "key_20",
            "from": [ 10.80, 1.00, 6.10 ], 
            "to": [ 11.80, 1.10, 7.10 ], 
            "faces": {
                "north": { "texture": "#2", "uv": [ 0.00, 0.00, 1.00, 0.10 ] },
                "east": { "texture": "#2", "uv": [ 0.00, 0.00, 1.00, 0.10 ] },
                "south": { "texture": "#2", "uv": [ 0.00, 0.00, 1.00, 0.10 ] },
                "west": { "texture": "#2", "uv": [ 0.00, 0.00, 1.00, 0.10 ] },
                "up": { "texture": "#0", "uv": [ 0.00, 15.00, 1.00, 16.00 ] },
                "down": { "texture": "#2", "uv": [ 0.00, 0.00, 1.00, 1.00 ] }
            }
        },
        {
            "name": "key_21",
            "from": [ 11.90, 1.00, 6.10 ], 
            "to": [ 12.90, 1.10, 7.10 ], 
            "faces": {
                "north": { "texture": "#2", "uv": [ 0.00, 0.00, 1.00, 0.10 ] },
                "east": { "texture": "#2", "uv": [ 0.00, 0.00, 1.00, 0.10 ] },
                "south": { "texture": "#2", "uv": [ 0.00, 0.00, 1.00, 0.10 ] },
                "west": { "texture": "#2", "uv": [ 0.00, 0.00, 1.00, 0.10 ] },
                "up": { "texture": "#0", "uv": [ 0.00, 15.00, 1.00, 16.00 ] },
                "down": { "texture": "#2", "uv": [ 0.00, 0.00, 1.00, 1.00 ] }
            }
        },
        {
            "name": "key_22",
            "from": [ 13.00, 1.00, 6.10 ], 
            "to": [ 14.00, 1.10, 7.10 ], 
            "faces": {
                "north": { "texture": "#2", "uv": [ 0.00, 0.00, 1.00, 0.10 ] },
                "east": { "texture": "#2", "uv": [ 0.00, 0.00, 1.00, 0.10 ] },
                "south": { "texture": "#2", "uv": [ 0.00, 0.00, 1.00, 0.10 ] },
                "west": { "texture": "#2", "uv": [ 0.00, 0.00, 1.00, 0.10 ] },
                "up": { "texture": "#0", "uv": [ 0.00, 15.00, 1.00, 16.00 ] },
                "down": { "texture": "#2", "uv": [ 0.00, 0.00, 1.00, 1.00 ] }
            }
        },
        {
            "name": "key_23",
            "from": [ 2.00, 1.00, 7.20 ], 
            "to": [ 3.00, 1.10, 8.20 ], 
            "faces": {
                "north": { "texture": "#2", "uv": [ 0.00, 0.00, 1.00, 0.10 ] },
                "east": { "texture": "#2", "uv": [ 0.00, 0.00, 1.00, 0.10 ] },
                "south": { "texture": "#2", "uv": [ 0.00, 0.00, 1.00, 0.10 ] },
                "west": { "texture": "#2", "uv": [ 0.00, 0.00, 1.00, 0.10 ] },
                "up": { "texture": "#0", "uv": [ 0.00, 15.00, 1.00, 16.00 ] },
                "down": { "texture": "#2", "uv": [ 0.00, 0.00, 1.00, 1.00 ] }
            }
        },
        {
            "name": "key_24",
            "from": [ 3.10, 1.00, 7.20 ], 
            "to": [ 4.10, 1.10, 8.20 ], 
            "faces": {
                "north": { "texture": "#2", "uv": [ 0.00, 0.00, 1.00, 0.10 ] },
                "east": { "texture": "#2", "uv": [ 0.00, 0.00, 1.00, 0.10 ] },
                "south": { "texture": "#2", "uv": [ 0.00, 0.00, 1.00, 0.10 ] },
                "west": { "texture": "#2", "uv": [ 0.00, 0.00, 1.00, 0.10 ] },
                "up": { "texture": "#0", "uv": [ 0.00, 15.00, 1.00, 16.00 ] },
                "down": { "texture": "#2", "uv": [ 0.00, 0.00, 1.00, 1.00 ] }
            }
        },
        {
            "name": "key_25",
            "from": [ 4.20, 1.00, 7.20 ], 
            "to": [ 5.20, 1.10, 8.20 ], 
            "faces": {
                "north": { "texture": "#2", "uv": [ 0.00, 0.00, 1.00, 0.10 ] },
                "east": { "texture": "#2", "uv": [ 0.00, 0.00, 1.00, 0.10 ] },
                "south": { "texture": "#2", "uv": [ 0.00, 0.00, 1.00, 0.10 ] },
                "west": { "texture": "#2", "uv": [ 0.00, 0.00, 1.00, 0.10 ] },
                "up": { "texture": "#0", "uv": [ 0.00, 15.00, 1.00, 16.00 ] },
                "down": { "texture": "#2", "uv": [ 0.00, 0.00, 1.00, 1.00 ] }
            }
        },
        {
            "name": "key_26",
            "from": [ 5.30, 1.00, 7.20 ], 
            "to": [ 6.30, 1.10, 8.20 ], 
            "faces": {
                "north": { "texture": "#2", "uv": [ 0.00, 0.00, 1.00, 0.10 ] },
                "east": { "texture": "#2", "uv": [ 0.00, 0.00, 1.00, 0.10 ] },
                "south": { "texture": "#2", "uv": [ 0.00, 0.00, 1.00, 0.10 ] },
                "west": { "texture": "#2", "uv": [ 0.00, 0.00, 1.00, 0.10 ] },
                "up": { "texture": "#0", "uv": [ 0.00, 15.00, 1.00, 16.00 ] },
                "down": { "texture": "#2", "uv": [ 0.00, 0.00, 1.00, 1.00 ] }
            }
        },
        {
            "name": "key_28",
            "from": [ 7.50, 1.00, 7.20 ], 
            "to": [ 8.50, 1.10, 8.20 ], 
            "faces": {
                "north": { "texture": "#2", "uv": [ 0.00, 0.00, 1.00, 0.10 ] },
                "east": { "texture": "#2", "uv": [ 0.00, 0.00, 1.00, 0.10 ] },
                "south": { "texture": "#2", "uv": [ 0.00, 0.00, 1.00, 0.10 ] },
                "west": { "texture": "#2", "uv": [ 0.00, 0.00, 1.00, 0.10 ] },
                "up": { "texture": "#0", "uv": [ 0.00, 15.00, 1.00, 16.00 ] },
                "down": { "texture": "#2", "uv": [ 0.00, 0.00, 1.00, 1.00 ] }
            }
        },
        {
            "name": "key_27",
            "from": [ 6.40, 1.00, 7.20 ], 
            "to": [ 7.40, 1.10, 8.20 ], 
            "faces": {
                "north": { "texture": "#2", "uv": [ 0.00, 0.00, 1.00, 0.10 ] },
                "east": { "texture": "#2", "uv": [ 0.00, 0.00, 1.00, 0.10 ] },
                "south": { "texture": "#2", "uv": [ 0.00, 0.00, 1.00, 0.10 ] },
                "west": { "texture": "#2", "uv": [ 0.00, 0.00, 1.00, 0.10 ] },
                "up": { "texture": "#0", "uv": [ 0.00, 15.00, 1.00, 16.00 ] },
                "down": { "texture": "#2", "uv": [ 0.00, 0.00, 1.00, 1.00 ] }
            }
        },
        {
            "name": "key_29",
            "from": [ 8.60, 1.00, 7.20 ], 
            "to": [ 9.60, 1.10, 8.20 ], 
            "faces": {
                "north": { "texture": "#2", "uv": [ 0.00, 0.00, 1.00, 0.10 ] },
                "east": { "texture": "#2", "uv": [ 0.00, 0.00, 1.00, 0.10 ] },
                "south": { "texture": "#2", "uv": [ 0.00, 0.00, 1.00, 0.10 ] },
                "west": { "texture": "#2", "uv": [ 0.00, 0.00, 1.00, 0.10 ] },
                "up": { "texture": "#0", "uv": [ 0.00, 15.00, 1.00, 16.00 ] },
                "down": { "texture": "#2", "uv": [ 0.00, 0.00, 1.00, 1.00 ] }
            }
        },
        {
            "name": "key_30",
            "from": [ 9.70, 1.00, 7.20 ], 
            "to": [ 11.80, 1.10, 8.20 ], 
            "faces": {
                "north": { "texture": "#2", "uv": [ 0.00, 0.00, 2.10, 0.10 ] },
                "east": { "texture": "#2", "uv": [ 0.00, 0.00, 1.00, 0.10 ] },
                "south": { "texture": "#2", "uv": [ 0.00, 0.00, 2.10, 0.10 ] },
                "west": { "texture": "#2", "uv": [ 0.00, 0.00, 1.00, 0.10 ] },
                "up": { "texture": "#0", "uv": [ 0.00, 15.00, 1.00, 16.00 ] },
                "down": { "texture": "#2", "uv": [ 0.00, 0.00, 2.10, 1.00 ] }
            }
        },
        {
            "name": "key_31",
            "from": [ 11.90, 1.00, 7.20 ], 
            "to": [ 12.90, 1.10, 8.20 ], 
            "faces": {
                "north": { "texture": "#2", "uv": [ 0.00, 0.00, 1.00, 0.10 ] },
                "east": { "texture": "#2", "uv": [ 0.00, 0.00, 1.00, 0.10 ] },
                "south": { "texture": "#2", "uv": [ 0.00, 0.00, 1.00, 0.10 ] },
                "west": { "texture": "#2", "uv": [ 0.00, 0.00, 1.00, 0.10 ] },
                "up": { "texture": "#0", "uv": [ 0.00, 15.00, 1.00, 16.00 ] },
                "down": { "texture": "#2", "uv": [ 0.00, 0.00, 1.00, 1.00 ] }
            }
        },
        {
            "name": "key_32",
            "from": [ 13.00, 1.00, 7.20 ], 
            "to": [ 14.00, 1.10, 8.20 ], 
            "faces": {
                "north": { "texture": "#2", "uv": [ 0.00, 0.00, 1.00, 0.10 ] },
                "east": { "texture": "#2", "uv": [ 0.00, 0.00, 1.00, 0.10 ] },
                "south": { "texture": "#2", "uv": [ 0.00, 0.00, 1.00, 0.10 ] },
                "west": { "texture": "#2", "uv": [ 0.00, 0.00, 1.00, 0.10 ] },
                "up": { "texture": "#0", "uv": [ 0.00, 15.00, 1.00, 16.00 ] },
                "down": { "texture": "#2", "uv": [ 0.00, 0.00, 1.00, 1.00 ] }
            }
        },
        {
            "name": "key_33",
            "from": [ 2.00, 1.00, 8.30 ], 
            "to": [ 3.00, 1.10, 9.30 ], 
            "faces": {
                "north": { "texture": "#2", "uv": [ 0.00, 0.00, 1.00, 0.10 ] },
                "east": { "texture": "#2", "uv": [ 0.00, 0.00, 1.00, 0.10 ] },
                "south": { "texture": "#2", "uv": [ 0.00, 0.00, 1.00, 0.10 ] },
                "west": { "texture": "#2", "uv": [ 0.00, 0.00, 1.00, 0.10 ] },
                "up": { "texture": "#0", "uv": [ 0.00, 15.00, 1.00, 16.00 ] },
                "down": { "texture": "#2", "uv": [ 0.00, 0.00, 1.00, 1.00 ] }
            }
        },
        {
            "name": "key_34",
            "from": [ 3.10, 1.00, 8.30 ], 
            "to": [ 4.10, 1.10, 9.30 ], 
            "faces": {
                "north": { "texture": "#2", "uv": [ 0.00, 0.00, 1.00, 0.10 ] },
                "east": { "texture": "#2", "uv": [ 0.00, 0.00, 1.00, 0.10 ] },
                "south": { "texture": "#2", "uv": [ 0.00, 0.00, 1.00, 0.10 ] },
                "west": { "texture": "#2", "uv": [ 0.00, 0.00, 1.00, 0.10 ] },
                "up": { "texture": "#0", "uv": [ 0.00, 15.00, 1.00, 16.00 ] },
                "down": { "texture": "#2", "uv": [ 0.00, 0.00, 1.00, 1.00 ] }
            }
        },
        {
            "name": "key_35",
            "from": [ 4.20, 1.00, 8.30 ], 
            "to": [ 5.20, 1.10, 9.30 ], 
            "faces": {
                "north": { "texture": "#2", "uv": [ 0.00, 0.00, 1.00, 0.10 ] },
                "east": { "texture": "#2", "uv": [ 0.00, 0.00, 1.00, 0.10 ] },
                "south": { "texture": "#2", "uv": [ 0.00, 0.00, 1.00, 0.10 ] },
                "west": { "texture": "#2", "uv": [ 0.00, 0.00, 1.00, 0.10 ] },
                "up": { "texture": "#0", "uv": [ 0.00, 15.00, 1.00, 16.00 ] },
                "down": { "texture": "#2", "uv": [ 0.00, 0.00, 1.00, 1.00 ] }
            }
        },
        {
            "name": "key_36",
            "from": [ 5.30, 1.00, 8.30 ], 
            "to": [ 6.30, 1.10, 9.30 ], 
            "faces": {
                "north": { "texture": "#2", "uv": [ 0.00, 0.00, 1.00, 0.10 ] },
                "east": { "texture": "#2", "uv": [ 0.00, 0.00, 1.00, 0.10 ] },
                "south": { "texture": "#2", "uv": [ 0.00, 0.00, 1.00, 0.10 ] },
                "west": { "texture": "#2", "uv": [ 0.00, 0.00, 1.00, 0.10 ] },
                "up": { "texture": "#0", "uv": [ 0.00, 15.00, 1.00, 16.00 ] },
                "down": { "texture": "#2", "uv": [ 0.00, 0.00, 1.00, 1.00 ] }
            }
        },
        {
            "name": "key_38",
            "from": [ 6.40, 1.00, 8.30 ], 
            "to": [ 7.40, 1.10, 9.30 ], 
            "faces": {
                "north": { "texture": "#2", "uv": [ 0.00, 0.00, 1.00, 0.10 ] },
                "east": { "texture": "#2", "uv": [ 0.00, 0.00, 1.00, 0.10 ] },
                "south": { "texture": "#2", "uv": [ 0.00, 0.00, 1.00, 0.10 ] },
                "west": { "texture": "#2", "uv": [ 0.00, 0.00, 1.00, 0.10 ] },
                "up": { "texture": "#0", "uv": [ 0.00, 15.00, 1.00, 16.00 ] },
                "down": { "texture": "#2", "uv": [ 0.00, 0.00, 1.00, 1.00 ] }
            }
        },
        {
            "name": "key_39",
            "from": [ 7.50, 1.00, 8.30 ], 
            "to": [ 8.50, 1.10, 9.30 ], 
            "faces": {
                "north": { "texture": "#2", "uv": [ 0.00, 0.00, 1.00, 0.10 ] },
                "east": { "texture": "#2", "uv": [ 0.00, 0.00, 1.00, 0.10 ] },
                "south": { "texture": "#2", "uv": [ 0.00, 0.00, 1.00, 0.10 ] },
                "west": { "texture": "#2", "uv": [ 0.00, 0.00, 1.00, 0.10 ] },
                "up": { "texture": "#0", "uv": [ 0.00, 15.00, 1.00, 16.00 ] },
                "down": { "texture": "#2", "uv": [ 0.00, 0.00, 1.00, 1.00 ] }
            }
        },
        {
            "name": "key_40",
            "from": [ 8.60, 1.00, 8.30 ], 
            "to": [ 9.60, 1.10, 9.30 ], 
            "faces": {
                "north": { "texture": "#2", "uv": [ 0.00, 0.00, 1.00, 0.10 ] },
                "east": { "texture": "#2", "uv": [ 0.00, 0.00, 1.00, 0.10 ] },
                "south": { "texture": "#2", "uv": [ 0.00, 0.00, 1.00, 0.10 ] },
                "west": { "texture": "#2", "uv": [ 0.00, 0.00, 1.00, 0.10 ] },
                "up": { "texture": "#0", "uv": [ 0.00, 15.00, 1.00, 16.00 ] },
                "down": { "texture": "#2", "uv": [ 0.00, 0.00, 1.00, 1.00 ] }
            }
        },
        {
            "name": "key_41",
            "from": [ 9.70, 1.00, 8.30 ], 
            "to": [ 10.70, 1.10, 9.30 ], 
            "faces": {
                "north": { "texture": "#2", "uv": [ 0.00, 0.00, 1.00, 0.10 ] },
                "east": { "texture": "#2", "uv": [ 0.00, 0.00, 1.00, 0.10 ] },
                "south": { "texture": "#2", "uv": [ 0.00, 0.00, 1.00, 0.10 ] },
                "west": { "texture": "#2", "uv": [ 0.00, 0.00, 1.00, 0.10 ] },
                "up": { "texture": "#0", "uv": [ 0.00, 15.00, 1.00, 16.00 ] },
                "down": { "texture": "#2", "uv": [ 0.00, 0.00, 1.00, 1.00 ] }
            }
        },
        {
            "name": "key_42",
            "from": [ 10.80, 1.00, 8.30 ], 
            "to": [ 11.80, 1.10, 9.30 ], 
            "faces": {
                "north": { "texture": "#2", "uv": [ 0.00, 0.00, 1.00, 0.10 ] },
                "east": { "texture": "#2", "uv": [ 0.00, 0.00, 1.00, 0.10 ] },
                "south": { "texture": "#2", "uv": [ 0.00, 0.00, 1.00, 0.10 ] },
                "west": { "texture": "#2", "uv": [ 0.00, 0.00, 1.00, 0.10 ] },
                "up": { "texture": "#0", "uv": [ 0.00, 15.00, 1.00, 16.00 ] },
                "down": { "texture": "#2", "uv": [ 0.00, 0.00, 1.00, 1.00 ] }
            }
        },
        {
            "name": "key_43",
            "from": [ 11.90, 1.00, 8.30 ], 
            "to": [ 12.90, 1.10, 9.30 ], 
            "faces": {
                "north": { "texture": "#2", "uv": [ 0.00, 0.00, 1.00, 0.10 ] },
                "east": { "texture": "#2", "uv": [ 0.00, 0.00, 1.00, 0.10 ] },
                "south": { "texture": "#2", "uv": [ 0.00, 0.00, 1.00, 0.10 ] },
                "west": { "texture": "#2", "uv": [ 0.00, 0.00, 1.00, 0.10 ] },
                "up": { "texture": "#0", "uv": [ 0.00, 15.00, 1.00, 16.00 ] },
                "down": { "texture": "#2", "uv": [ 0.00, 0.00, 1.00, 1.00 ] }
            }
        },
        {
            "name": "key_44",
            "from": [ 13.00, 1.00, 8.30 ], 
            "to": [ 14.00, 1.10, 9.30 ], 
            "faces": {
                "north": { "texture": "#2", "uv": [ 0.00, 0.00, 1.00, 0.10 ] },
                "east": { "texture": "#2", "uv": [ 0.00, 0.00, 1.00, 0.10 ] },
                "south": { "texture": "#2", "uv": [ 0.00, 0.00, 1.00, 0.10 ] },
                "west": { "texture": "#2", "uv": [ 0.00, 0.00, 1.00, 0.10 ] },
                "up": { "texture": "#0", "uv": [ 0.00, 15.00, 1.00, 16.00 ] },
                "down": { "texture": "#2", "uv": [ 0.00, 0.00, 1.00, 1.00 ] }
            }
        },
        {
            "name": "key_45",
            "from": [ 2.00, 1.00, 9.40 ], 
            "to": [ 3.00, 1.10, 10.40 ], 
            "faces": {
                "north": { "texture": "#2", "uv": [ 0.00, 0.00, 1.00, 0.10 ] },
                "east": { "texture": "#2", "uv": [ 0.00, 0.00, 1.00, 0.10 ] },
                "south": { "texture": "#2", "uv": [ 0.00, 0.00, 1.00, 0.10 ] },
                "west": { "texture": "#2", "uv": [ 0.00, 0.00, 1.00, 0.10 ] },
                "up": { "texture": "#0", "uv": [ 0.00, 15.00, 1.00, 16.00 ] },
                "down": { "texture": "#2", "uv": [ 0.00, 0.00, 1.00, 1.00 ] }
            }
        },
        {
            "name": "key_46",
            "from": [ 3.10, 1.00, 9.40 ], 
            "to": [ 4.10, 1.10, 10.40 ], 
            "faces": {
                "north": { "texture": "#2", "uv": [ 0.00, 0.00, 1.00, 0.10 ] },
                "east": { "texture": "#2", "uv": [ 0.00, 0.00, 1.00, 0.10 ] },
                "south": { "texture": "#2", "uv": [ 0.00, 0.00, 1.00, 0.10 ] },
                "west": { "texture": "#2", "uv": [ 0.00, 0.00, 1.00, 0.10 ] },
                "up": { "texture": "#0", "uv": [ 0.00, 15.00, 1.00, 16.00 ] },
                "down": { "texture": "#2", "uv": [ 0.00, 0.00, 1.00, 1.00 ] }
            }
        },
        {
            "name": "key_47",
            "from": [ 4.20, 1.00, 9.40 ], 
            "to": [ 9.60, 1.10, 10.40 ], 
            "faces": {
                "north": { "texture": "#2", "uv": [ 0.00, 0.00, 5.40, 0.10 ] },
                "east": { "texture": "#2", "uv": [ 0.00, 0.00, 1.00, 0.10 ] },
                "south": { "texture": "#2", "uv": [ 0.00, 0.00, 5.40, 0.10 ] },
                "west": { "texture": "#2", "uv": [ 0.00, 0.00, 1.00, 0.10 ] },
                "up": { "texture": "#0", "uv": [ 0.00, 15.00, 1.00, 16.00 ] },
                "down": { "texture": "#2", "uv": [ 0.00, 0.00, 5.40, 1.00 ] }
            }
        },
        {
            "name": "key_48",
            "from": [ 9.70, 1.00, 9.40 ], 
            "to": [ 10.70, 1.10, 10.40 ], 
            "faces": {
                "north": { "texture": "#2", "uv": [ 0.00, 0.00, 1.00, 0.10 ] },
                "east": { "texture": "#2", "uv": [ 0.00, 0.00, 1.00, 0.10 ] },
                "south": { "texture": "#2", "uv": [ 0.00, 0.00, 1.00, 0.10 ] },
                "west": { "texture": "#2", "uv": [ 0.00, 0.00, 1.00, 0.10 ] },
                "up": { "texture": "#0", "uv": [ 0.00, 15.00, 1.00, 16.00 ] },
                "down": { "texture": "#2", "uv": [ 0.00, 0.00, 1.00, 1.00 ] }
            }
        },
        {
            "name": "key_49",
            "from": [ 10.80, 1.00, 9.40 ], 
            "to": [ 11.80, 1.10, 10.40 ], 
            "faces": {
                "north": { "texture": "#2", "uv": [ 0.00, 0.00, 1.00, 0.10 ] },
                "east": { "texture": "#2", "uv": [ 0.00, 0.00, 1.00, 0.10 ] },
                "south": { "texture": "#2", "uv": [ 0.00, 0.00, 1.00, 0.10 ] },
                "west": { "texture": "#2", "uv": [ 0.00, 0.00, 1.00, 0.10 ] },
                "up": { "texture": "#0", "uv": [ 0.00, 15.00, 1.00, 16.00 ] },
                "down": { "texture": "#2", "uv": [ 0.00, 0.00, 1.00, 1.00 ] }
            }
        },
        {
            "name": "key_50",
            "from": [ 11.90, 1.00, 9.40 ], 
            "to": [ 12.90, 1.10, 10.40 ], 
            "faces": {
                "north": { "texture": "#2", "uv": [ 0.00, 0.00, 1.00, 0.10 ] },
                "east": { "texture": "#2", "uv": [ 0.00, 0.00, 1.00, 0.10 ] },
                "south": { "texture": "#2", "uv": [ 0.00, 0.00, 1.00, 0.10 ] },
                "west": { "texture": "#2", "uv": [ 0.00, 0.00, 1.00, 0.10 ] },
                "up": { "texture": "#0", "uv": [ 0.00, 15.00, 1.00, 16.00 ] },
                "down": { "texture": "#2", "uv": [ 0.00, 0.00, 1.00, 1.00 ] }
            }
        },
        {
            "name": "key_51",
            "from": [ 13.00, 1.00, 9.40 ], 
            "to": [ 14.00, 1.10, 10.40 ], 
            "faces": {
                "north": { "texture": "#2", "uv": [ 0.00, 0.00, 1.00, 0.10 ] },
                "east": { "texture": "#2", "uv": [ 0.00, 0.00, 1.00, 0.10 ] },
                "south": { "texture": "#2", "uv": [ 0.00, 0.00, 1.00, 0.10 ] },
                "west": { "texture": "#2", "uv": [ 0.00, 0.00, 1.00, 0.10 ] },
                "up": { "texture": "#0", "uv": [ 0.00, 15.00, 1.00, 16.00 ] },
                "down": { "texture": "#2", "uv": [ 0.00, 0.00, 1.00, 1.00 ] }
            }
        },
        {
            "name": "screen_mount_2",
            "from": [ 4.00, 1.00, 3.20 ], 
            "to": [ 12.00, 1.50, 4.30 ], 
            "rotation": { "origin": [ 8.0, 1.4999999925494194, 3.0 ], "axis": "x", "angle": 22.5 },
            "faces": {
                "north": { "texture": "#1", "uv": [ 0.00, 0.00, 1.00, 0.50 ] },
                "east": { "texture": "#1", "uv": [ 0.00, 0.00, 1.10, 0.50 ] },
                "south": { "texture": "#1", "uv": [ 0.00, 0.00, 1.00, 0.50 ] },
                "west": { "texture": "#1", "uv": [ 0.00, 0.00, 1.10, 0.50 ] },
                "up": { "texture": "#1", "uv": [ 0.00, 0.00, 1.00, 1.00 ] },
                "down": { "texture": "#1", "uv": [ 0.00, 0.00, 1.00, 1.10 ] }
            }
        },
        {
            "name": "screen_1",
            "from": [ 4.20, 0.50, 3.00 ], 
            "to": [ 11.80, 2.00, 4.00 ], 
            "rotation": { "origin": [ 8.0, 0.4999999925494194, 3.4999999925494194 ], "axis": "x", "angle": -22.5 },
            "faces": {
                "north": { "texture": "#0", "uv": [ 4.00, 0.00, 11.60, 1.50 ] },
                "east": { "texture": "#0", "uv": [ 0.00, 0.00, 1.00, 1.50 ] },
                "south": { "texture": "#0", "uv": [ 4.20, 8.00, 11.80, 9.50 ] },
                "west": { "texture": "#0", "uv": [ 0.00, 0.00, 1.00, 1.50 ] },
                "up": { "texture": "#0", "uv": [ 0.00, 0.00, 7.60, 1.00 ] },
                "down": { "texture": "#0", "uv": [ 0.00, 0.00, 7.60, 1.00 ] }
            }
        },
        {
            "name": "screen_2",
            "from": [ 1.00, 2.00, 3.00 ], 
            "to": [ 15.00, 12.00, 4.00 ], 
            "rotation": { "origin": [ 8.0, 0.4999999925494194, 3.4999999925494194 ], "axis": "x", "angle": -22.5 },
            "faces": {
                "north": { "texture": "#0", "uv": [ 1.00, 0.00, 15.00, 10.00 ] },
                "east": { "texture": "#0", "uv": [ 0.00, 0.00, 1.00, 10.00 ] },
                "south": { "texture": "#0", "uv": [ 1.00, 0.00, 15.00, 10.00 ] },
                "west": { "texture": "#0", "uv": [ 0.00, 0.00, 1.00, 10.00 ] },
                "up": { "texture": "#0", "uv": [ 0.00, 0.00, 14.00, 1.00 ] },
                "down": { "texture": "#0", "uv": [ 0.00, 0.00, 14.00, 1.00 ] }
            }
        },
        {
            "name": "screen_3",
            "from": [ 2.00, 3.00, 4.00 ], 
            "to": [ 14.00, 11.00, 4.10 ], 
            "rotation": { "origin": [ 8.0, 0.4999999925494194, 3.4999999925494194 ], "axis": "x", "angle": -22.5 },
            "faces": {
                "east": { "texture": "#0", "uv": [ 0.00, 15.00, 0.10, 16.00 ] },
                "south": { "texture": "#0", "uv": [ 0.00, 15.00, 1.00, 16.00 ] },
                "west": { "texture": "#0", "uv": [ 0.00, 15.00, 0.10, 16.00 ] },
                "up": { "texture": "#0", "uv": [ 0.00, 15.00, 1.00, 15.10 ] },
                "down": { "texture": "#0", "uv": [ 0.00, 15.00, 1.00, 15.10 ] }
            }
        }
    ]
}