{
    "__comment": "Model generated using MrCrayfish's Model Creator (https://mrcrayfish.com/tools?id=mc)",
    "textures": {
        "particle": "blocks/anvil_base",
        "0": "blocks/concrete_black",
        "1": "blocks/anvil_base",
        "2": "blocks/stone",
        "3": "blocks/concrete_gray",
        "chair_color": "blocks/wool_colored_red"
    },
    "display": {
        "gui": {
            "rotation": [ 30, 45, 0 ],
            "translation": [ 0, -1.5, 0 ],
            "scale": [ 0.45, 0.45, 0.45 ]
        },
        "ground": {
            "rotation": [ 0, 0, 0 ],
            "translation": [ 0, 3, 0 ],
            "scale": [ 0.25, 0.25, 0.25 ]
        },
        "fixed": {
            "rotation": [ 0, 180, 0 ],
            "translation": [ 0, -3.5, -3 ],
            "scale": [ 0.7, 0.7, 0.7 ]
        },
        "thirdperson_righthand": {
            "rotation": [ 75, 45, 0 ],
            "translation": [ 0, 2.5, 0 ],
            "scale": [ 0.375, 0.375, 0.375 ]
        },
        "thirdperson_lefthand": {
            "rotation": [ 75, 255, 0 ],
            "translation": [ 0, 2.5, 0 ],
            "scale": [ 0.375, 0.375, 0.375 ]
        },
        "firstperson_righthand": {
            "rotation": [ 0, 45, 0 ],
            "translation": [ 0, 2.5, 0 ],
            "scale": [ 0.4, 0.4, 0.4 ]
        },
        "firstperson_lefthand": {
            "rotation": [ 0, 225, 0 ],
            "translation": [ 0, 2.5, 0 ],
            "scale": [ 0.4, 0.4, 0.4 ]
        }
    },
    "elements": [
        {
            "name": "wheel_1",
            "from": [ 2.00, 0.00, 2.00 ], 
            "to": [ 3.10, 2.50, 4.50 ], 
            "faces": {
                "north": { "texture": "#0", "uv": [ 0.00, 0.00, 1.10, 2.50 ] },
                "east": { "texture": "#0", "uv": [ 0.00, 0.00, 2.50, 2.50 ] },
                "south": { "texture": "#0", "uv": [ 0.00, 0.00, 1.10, 2.50 ] },
                "west": { "texture": "#0", "uv": [ 0.00, 0.00, 2.50, 2.50 ] },
                "up": { "texture": "#0", "uv": [ 0.00, 0.00, 1.10, 2.50 ] },
                "down": { "texture": "#0", "uv": [ 0.00, 0.00, 1.10, 2.50 ] }
            }
        },
        {
            "name": "wheel_2",
            "from": [ 11.50, 0.00, 2.00 ], 
            "to": [ 12.60, 2.50, 4.50 ], 
            "faces": {
                "north": { "texture": "#0", "uv": [ 0.00, 0.00, 1.10, 2.50 ] },
                "east": { "texture": "#0", "uv": [ 0.00, 0.00, 2.50, 2.50 ] },
                "south": { "texture": "#0", "uv": [ 0.00, 0.00, 1.10, 2.50 ] },
                "west": { "texture": "#0", "uv": [ 0.00, 0.00, 2.50, 2.50 ] },
                "up": { "texture": "#0", "uv": [ 0.00, 0.00, 1.10, 2.50 ] },
                "down": { "texture": "#0", "uv": [ 0.00, 0.00, 1.10, 2.50 ] }
            }
        },
        {
            "name": "wheel_3",
            "from": [ 11.50, 0.00, 11.50 ], 
            "to": [ 12.60, 2.50, 14.00 ], 
            "faces": {
                "north": { "texture": "#0", "uv": [ 0.00, 0.00, 1.10, 2.50 ] },
                "east": { "texture": "#0", "uv": [ 0.00, 0.00, 2.50, 2.50 ] },
                "south": { "texture": "#0", "uv": [ 0.00, 0.00, 1.10, 2.50 ] },
                "west": { "texture": "#0", "uv": [ 0.00, 0.00, 2.50, 2.50 ] },
                "up": { "texture": "#0", "uv": [ 0.00, 0.00, 1.10, 2.50 ] },
                "down": { "texture": "#0", "uv": [ 0.00, 0.00, 1.10, 2.50 ] }
            }
        },
        {
            "name": "wheel_4",
            "from": [ 2.00, 0.00, 11.50 ], 
            "to": [ 3.10, 2.50, 14.00 ], 
            "faces": {
                "north": { "texture": "#0", "uv": [ 0.00, 0.00, 1.10, 2.50 ] },
                "east": { "texture": "#0", "uv": [ 0.00, 0.00, 2.50, 2.50 ] },
                "south": { "texture": "#0", "uv": [ 0.00, 0.00, 1.10, 2.50 ] },
                "west": { "texture": "#0", "uv": [ 0.00, 0.00, 2.50, 2.50 ] },
                "up": { "texture": "#0", "uv": [ 0.00, 0.00, 1.10, 2.50 ] },
                "down": { "texture": "#0", "uv": [ 0.00, 0.00, 1.50, 3.50 ] }
            }
        },
        {
            "name": "legs_1",
            "from": [ 2.00, 2.50, 7.00 ], 
            "to": [ 14.00, 4.50, 9.00 ], 
            "rotation": { "origin": [ 8.0, 8.0, 8.0 ], "axis": "y", "angle": -45.0 },
            "faces": {
                "north": { "texture": "#1", "uv": [ 0.00, 6.00, 12.00, 8.00 ] },
                "east": { "texture": "#1", "uv": [ 0.00, 6.00, 2.00, 8.00 ] },
                "south": { "texture": "#1", "uv": [ 0.00, 6.00, 12.00, 8.00 ] },
                "west": { "texture": "#1", "uv": [ 0.00, 6.00, 2.00, 8.00 ] },
                "up": { "texture": "#1", "uv": [ 0.00, 0.00, 12.00, 2.00 ] },
                "down": { "texture": "#1", "uv": [ 0.00, 0.00, 12.00, 2.00 ] }
            }
        },
        {
            "name": "legs_2",
            "from": [ 2.00, 2.50, 7.00 ], 
            "to": [ 14.00, 4.50, 9.00 ], 
            "rotation": { "origin": [ 8.0, 8.0, 8.0 ], "axis": "y", "angle": 45.0 },
            "faces": {
                "north": { "texture": "#1", "uv": [ 0.00, 6.00, 12.00, 8.00 ] },
                "east": { "texture": "#1", "uv": [ 0.00, 6.00, 2.00, 8.00 ] },
                "south": { "texture": "#1", "uv": [ 0.00, 6.00, 12.00, 8.00 ] },
                "west": { "texture": "#1", "uv": [ 0.00, 6.00, 2.00, 8.00 ] },
                "up": { "texture": "#1", "uv": [ 0.00, 0.00, 12.00, 2.00 ] },
                "down": { "texture": "#1", "uv": [ 0.00, 0.00, 12.00, 2.00 ] }
            }
        },
        {
            "name": "legs_3",
            "from": [ 7.00, 4.50, 7.00 ], 
            "to": [ 9.00, 9.50, 9.00 ], 
            "faces": {
                "north": { "texture": "#1", "uv": [ 0.00, 0.00, 2.00, 5.00 ] },
                "east": { "texture": "#1", "uv": [ 0.00, 0.00, 2.00, 5.00 ] },
                "south": { "texture": "#1", "uv": [ 0.00, 0.00, 2.00, 5.00 ] },
                "west": { "texture": "#1", "uv": [ 0.00, 0.00, 2.00, 5.00 ] },
                "up": { "texture": "#1", "uv": [ 0.00, 0.00, 2.00, 2.00 ] },
                "down": { "texture": "#1", "uv": [ 0.00, 0.00, 2.00, 2.00 ] }
            }
        },
        {
            "name": "wheel_connection_1",
            "from": [ 14.00, 2.50, 7.30 ], 
            "to": [ 15.40, 4.30, 8.70 ], 
            "rotation": { "origin": [ 8.0, 8.0, 8.0 ], "axis": "y", "angle": -45.0 },
            "faces": {
                "north": { "texture": "#1", "uv": [ 0.00, 6.00, 1.40, 7.80 ] },
                "east": { "texture": "#1", "uv": [ 0.00, 6.00, 1.40, 7.80 ] },
                "south": { "texture": "#1", "uv": [ 0.00, 6.00, 1.40, 7.80 ] },
                "west": { "texture": "#1", "uv": [ 0.00, 6.00, 1.40, 7.80 ] },
                "up": { "texture": "#1", "uv": [ 0.00, 0.00, 1.40, 1.40 ] },
                "down": { "texture": "#1", "uv": [ 0.00, 0.00, 1.40, 1.40 ] }
            }
        },
        {
            "name": "wheel_connection_2",
            "from": [ 0.60, 2.50, 7.30 ], 
            "to": [ 2.00, 4.30, 8.70 ], 
            "rotation": { "origin": [ 8.0, 8.0, 8.0 ], "axis": "y", "angle": -45.0 },
            "faces": {
                "north": { "texture": "#1", "uv": [ 0.00, 6.00, 1.40, 7.80 ] },
                "east": { "texture": "#1", "uv": [ 0.00, 6.00, 1.40, 7.80 ] },
                "south": { "texture": "#1", "uv": [ 0.00, 6.00, 1.40, 7.80 ] },
                "west": { "texture": "#1", "uv": [ 0.00, 6.00, 1.40, 7.80 ] },
                "up": { "texture": "#1", "uv": [ 0.00, 0.00, 1.40, 1.40 ] },
                "down": { "texture": "#1", "uv": [ 0.00, 0.00, 1.40, 1.40 ] }
            }
        },
        {
            "name": "wheel_connection_3",
            "from": [ 0.60, 2.50, 7.30 ], 
            "to": [ 2.00, 4.30, 8.70 ], 
            "rotation": { "origin": [ 8.0, 8.0, 8.0 ], "axis": "y", "angle": 45.0 },
            "faces": {
                "north": { "texture": "#1", "uv": [ 0.00, 6.00, 1.40, 7.80 ] },
                "east": { "texture": "#1", "uv": [ 0.00, 6.00, 1.40, 7.80 ] },
                "south": { "texture": "#1", "uv": [ 0.00, 6.00, 1.40, 7.80 ] },
                "west": { "texture": "#1", "uv": [ 0.00, 6.00, 1.40, 7.80 ] },
                "up": { "texture": "#1", "uv": [ 0.00, 0.00, 1.40, 1.40 ] },
                "down": { "texture": "#1", "uv": [ 0.00, 0.00, 1.40, 1.40 ] }
            }
        },
        {
            "name": "wheel_connection_4",
            "from": [ 14.00, 2.50, 7.30 ], 
            "to": [ 15.40, 4.30, 8.70 ], 
            "rotation": { "origin": [ 8.0, 8.0, 8.0 ], "axis": "y", "angle": 45.0 },
            "faces": {
                "north": { "texture": "#1", "uv": [ 0.00, 6.00, 1.40, 7.80 ] },
                "east": { "texture": "#1", "uv": [ 0.00, 6.00, 1.40, 7.80 ] },
                "south": { "texture": "#1", "uv": [ 0.00, 6.00, 1.40, 7.80 ] },
                "west": { "texture": "#1", "uv": [ 0.00, 6.00, 1.40, 7.80 ] },
                "up": { "texture": "#1", "uv": [ 0.00, 0.00, 1.40, 1.40 ] },
                "down": { "texture": "#1", "uv": [ 0.00, 0.00, 1.40, 1.40 ] }
            }
        },
        {
            "name": "wheel_5",
            "from": [ 3.40, 0.00, 2.00 ], 
            "to": [ 4.50, 2.50, 4.50 ], 
            "faces": {
                "north": { "texture": "#0", "uv": [ 0.00, 0.00, 1.10, 2.50 ] },
                "east": { "texture": "#0", "uv": [ 0.00, 0.00, 2.50, 2.50 ] },
                "south": { "texture": "#0", "uv": [ 0.00, 0.00, 1.10, 2.50 ] },
                "west": { "texture": "#0", "uv": [ 0.00, 0.00, 2.50, 2.50 ] },
                "up": { "texture": "#0", "uv": [ 0.00, 0.00, 1.10, 2.50 ] },
                "down": { "texture": "#0", "uv": [ 0.00, 0.00, 1.10, 2.50 ] }
            }
        },
        {
            "name": "wheel_6",
            "from": [ 12.90, 0.00, 2.00 ], 
            "to": [ 14.00, 2.50, 4.50 ], 
            "faces": {
                "north": { "texture": "#0", "uv": [ 0.00, 0.00, 1.10, 2.50 ] },
                "east": { "texture": "#0", "uv": [ 0.00, 0.00, 2.50, 2.50 ] },
                "south": { "texture": "#0", "uv": [ 0.00, 0.00, 1.10, 2.50 ] },
                "west": { "texture": "#0", "uv": [ 0.00, 0.00, 2.50, 2.50 ] },
                "up": { "texture": "#0", "uv": [ 0.00, 0.00, 1.10, 2.50 ] },
                "down": { "texture": "#0", "uv": [ 0.00, 0.00, 1.10, 2.50 ] }
            }
        },
        {
            "name": "wheel_7",
            "from": [ 12.90, 0.00, 11.50 ], 
            "to": [ 14.00, 2.50, 14.00 ], 
            "faces": {
                "north": { "texture": "#0", "uv": [ 0.00, 0.00, 1.10, 2.50 ] },
                "east": { "texture": "#0", "uv": [ 0.00, 0.00, 2.50, 2.50 ] },
                "south": { "texture": "#0", "uv": [ 0.00, 0.00, 1.10, 2.50 ] },
                "west": { "texture": "#0", "uv": [ 0.00, 0.00, 2.50, 2.50 ] },
                "up": { "texture": "#0", "uv": [ 0.00, 0.00, 1.10, 2.50 ] },
                "down": { "texture": "#0", "uv": [ 0.00, 0.00, 1.10, 2.50 ] }
            }
        },
        {
            "name": "wheel_8",
            "from": [ 3.40, 0.00, 11.50 ], 
            "to": [ 4.50, 2.50, 14.00 ], 
            "faces": {
                "north": { "texture": "#0", "uv": [ 0.00, 0.00, 1.10, 2.50 ] },
                "east": { "texture": "#0", "uv": [ 0.00, 0.00, 2.50, 2.50 ] },
                "south": { "texture": "#0", "uv": [ 0.00, 0.00, 1.10, 2.50 ] },
                "west": { "texture": "#0", "uv": [ 0.00, 0.00, 2.50, 2.50 ] },
                "up": { "texture": "#0", "uv": [ 0.00, 0.00, 1.10, 2.50 ] },
                "down": { "texture": "#0", "uv": [ 0.00, 0.00, 1.50, 3.50 ] }
            }
        },
        {
            "name": "wheel_axel_1",
            "from": [ 3.10, 0.20, 2.20 ], 
            "to": [ 3.40, 2.30, 4.30 ], 
            "faces": {
                "north": { "texture": "#2", "uv": [ 0.00, 0.00, 0.30, 2.10 ] },
                "south": { "texture": "#2", "uv": [ 0.00, 0.00, 0.30, 2.10 ] },
                "west": { "texture": "#2", "uv": [ 0.00, 0.00, 2.10, 2.10 ] },
                "up": { "texture": "#2", "uv": [ 0.00, 0.00, -1.70, 2.10 ] },
                "down": { "texture": "#2", "uv": [ 0.00, 0.00, 0.30, 2.10 ] }
            }
        },
        {
            "name": "wheel_axel_2",
            "from": [ 12.60, 0.20, 2.20 ], 
            "to": [ 12.90, 2.30, 4.30 ], 
            "faces": {
                "north": { "texture": "#2", "uv": [ 0.00, 0.00, 0.30, 2.10 ] },
                "south": { "texture": "#2", "uv": [ 0.00, 0.00, 0.30, 2.10 ] },
                "west": { "texture": "#2", "uv": [ 0.00, 0.00, 2.10, 2.10 ] },
                "up": { "texture": "#2", "uv": [ 0.00, 0.00, -1.70, 2.10 ] },
                "down": { "texture": "#2", "uv": [ 0.00, 0.00, 0.30, 2.10 ] }
            }
        },
        {
            "name": "wheel_axel_3",
            "from": [ 12.60, 0.20, 11.70 ], 
            "to": [ 12.90, 2.30, 13.80 ], 
            "faces": {
                "north": { "texture": "#2", "uv": [ 0.00, 0.00, 0.30, 2.10 ] },
                "south": { "texture": "#2", "uv": [ 0.00, 0.00, 0.30, 2.10 ] },
                "west": { "texture": "#2", "uv": [ 0.00, 0.00, 2.10, 2.10 ] },
                "up": { "texture": "#2", "uv": [ 0.00, 0.00, -1.70, 2.10 ] },
                "down": { "texture": "#2", "uv": [ 0.00, 0.00, 0.30, 2.10 ] }
            }
        },
        {
            "name": "wheel_axel_4",
            "from": [ 3.10, 0.20, 11.70 ], 
            "to": [ 3.40, 2.30, 13.80 ], 
            "faces": {
                "north": { "texture": "#2", "uv": [ 0.00, 0.00, 0.30, 2.10 ] },
                "south": { "texture": "#2", "uv": [ 0.00, 0.00, 0.30, 2.10 ] },
                "west": { "texture": "#2", "uv": [ 0.00, 0.00, 2.10, 2.10 ] },
                "up": { "texture": "#2", "uv": [ 0.00, 0.00, -1.70, 2.10 ] },
                "down": { "texture": "#2", "uv": [ 0.00, 0.00, 0.30, 2.10 ] }
            }
        },
        {
            "name": "seat_1",
            "from": [ 2.50, 9.50, 5.00 ], 
            "to": [ 13.50, 11.00, 15.00 ], 
            "faces": {
                "north": { "texture": "#3", "uv": [ 0.00, 0.00, 11.00, 1.50 ] },
                "east": { "texture": "#3", "uv": [ 0.00, 0.00, 10.00, 1.50 ] },
                "south": { "texture": "#3", "uv": [ 0.00, 0.00, 11.00, 1.50 ] },
                "west": { "texture": "#3", "uv": [ 0.00, 0.00, 10.00, 1.50 ] },
                "up": { "texture": "#3", "uv": [ 0.00, 0.00, 11.00, 10.00 ] },
                "down": { "texture": "#3", "uv": [ 0.00, 0.00, 11.00, 10.00 ] }
            }
        },
        {
            "name": "seat_2",
            "from": [ 2.50, 12.00, 2.60 ], 
            "to": [ 13.50, 26.00, 4.10 ], 
            "faces": {
                "north": { "texture": "#3", "uv": [ 0.00, 0.00, 8.00, 10.00 ] },
                "east": { "texture": "#3", "uv": [ 0.00, 0.00, 1.50, 10.00 ] },
                "south": { "texture": "#3", "uv": [ 0.00, 0.00, 8.00, 10.00 ] },
                "west": { "texture": "#3", "uv": [ 0.00, 0.00, 1.50, 10.00 ] },
                "up": { "texture": "#3", "uv": [ 0.00, 0.00, 8.00, 1.50 ] },
                "down": { "texture": "#3", "uv": [ 0.00, 0.00, 8.00, 1.50 ] }
            }
        },
        {
            "name": "trim_1",
            "from": [ 1.50, 10.00, 5.40 ], 
            "to": [ 2.50, 11.50, 13.00 ], 
            "faces": {
                "north": { "texture": "#chair_color", "uv": [ 0.00, 0.00, 1.00, 1.50 ] },
                "east": { "texture": "#chair_color", "uv": [ 0.00, 0.00, 7.60, 1.50 ] },
                "south": { "texture": "#chair_color", "uv": [ 0.00, 0.00, 1.00, 1.50 ] },
                "west": { "texture": "#chair_color", "uv": [ 0.00, 0.00, 7.60, 1.50 ] },
                "up": { "texture": "#chair_color", "uv": [ 0.00, 0.00, 1.00, 7.60 ] },
                "down": { "texture": "#chair_color", "uv": [ 0.00, 0.00, 1.00, 7.60 ] }
            }
        },
        {
            "name": "trim_2",
            "from": [ 13.50, 10.00, 5.40 ], 
            "to": [ 14.50, 11.50, 13.00 ], 
            "faces": {
                "north": { "texture": "#chair_color", "uv": [ 0.00, 0.00, 1.00, 1.50 ] },
                "east": { "texture": "#chair_color", "uv": [ 0.00, 0.00, 7.60, 1.50 ] },
                "south": { "texture": "#chair_color", "uv": [ 0.00, 0.00, 1.00, 1.50 ] },
                "west": { "texture": "#chair_color", "uv": [ 0.00, 0.00, 7.60, 1.50 ] },
                "up": { "texture": "#chair_color", "uv": [ 0.00, 0.00, 1.00, 7.60 ] },
                "down": { "texture": "#chair_color", "uv": [ 0.00, 0.00, 1.00, 7.60 ] }
            }
        },
        {
            "name": "seat_3",
            "from": [ 2.50, 9.50, 1.60 ], 
            "to": [ 13.50, 11.00, 5.00 ], 
            "rotation": { "origin": [ 8.0, 9.50000000745058, 5.0 ], "axis": "x", "angle": 45.0 },
            "faces": {
                "north": { "texture": "#3", "uv": [ 0.00, 0.00, 11.00, 1.50 ] },
                "east": { "texture": "#3", "uv": [ 0.00, 0.00, 3.40, 1.50 ] },
                "south": { "texture": "#3", "uv": [ 0.00, 0.00, 11.00, 1.50 ] },
                "west": { "texture": "#3", "uv": [ 0.00, 0.00, 3.40, 1.50 ] },
                "up": { "texture": "#3", "uv": [ 0.00, 0.00, 11.00, 3.40 ] },
                "down": { "texture": "#3", "uv": [ 0.00, 0.00, 11.00, 3.40 ] }
            }
        },
        {
            "name": "arm_rest_5",
            "from": [ 13.50, 10.00, 13.00 ], 
            "to": [ 14.50, 15.00, 14.50 ], 
            "faces": {
                "north": { "texture": "#1", "uv": [ 0.00, 0.00, 1.00, 5.00 ] },
                "east": { "texture": "#1", "uv": [ 0.00, 0.00, 1.50, 5.00 ] },
                "south": { "texture": "#1", "uv": [ 0.00, 0.00, 1.00, 5.00 ] },
                "west": { "texture": "#1", "uv": [ 0.00, 0.00, 1.50, 5.00 ] },
                "up": { "texture": "#1", "uv": [ 0.00, 0.00, 1.00, 1.50 ] },
                "down": { "texture": "#1", "uv": [ 0.00, 0.00, 1.00, 1.50 ] }
            }
        },
        {
            "name": "arm_rest_6",
            "from": [ 13.20, 15.00, 2.80 ], 
            "to": [ 14.80, 15.50, 15.00 ], 
            "faces": {
                "north": { "texture": "#3", "uv": [ 0.00, 0.00, 1.60, 0.50 ] },
                "east": { "texture": "#3", "uv": [ 0.00, 0.00, 12.20, 0.50 ] },
                "south": { "texture": "#3", "uv": [ 0.00, 0.00, 1.60, 0.50 ] },
                "west": { "texture": "#3", "uv": [ 0.00, 0.00, 12.20, 0.50 ] },
                "up": { "texture": "#3", "uv": [ 0.00, 0.00, 1.60, 12.20 ] },
                "down": { "texture": "#3", "uv": [ 0.00, 0.00, 1.60, 12.20 ] }
            }
        },
        {
            "name": "trim_3",
            "from": [ 1.50, 12.30, 3.10 ], 
            "to": [ 2.50, 26.00, 4.60 ], 
            "faces": {
                "north": { "texture": "#chair_color", "uv": [ 0.00, 0.00, 1.00, 13.70 ] },
                "east": { "texture": "#chair_color", "uv": [ 0.00, 0.00, 1.50, 13.70 ] },
                "south": { "texture": "#chair_color", "uv": [ 0.00, 0.00, 1.00, 13.70 ] },
                "west": { "texture": "#chair_color", "uv": [ 0.00, 0.00, 1.50, 13.70 ] },
                "up": { "texture": "#chair_color", "uv": [ 0.00, 0.00, 1.00, 1.50 ] },
                "down": { "texture": "#chair_color", "uv": [ 0.00, 0.00, 1.00, 1.50 ] }
            }
        },
        {
            "name": "trim_4",
            "from": [ 13.50, 12.30, 3.10 ], 
            "to": [ 14.50, 26.00, 4.60 ], 
            "faces": {
                "north": { "texture": "#chair_color", "uv": [ 0.00, 0.00, 1.00, 13.70 ] },
                "east": { "texture": "#chair_color", "uv": [ 0.00, 0.00, 1.50, 13.70 ] },
                "south": { "texture": "#chair_color", "uv": [ 0.00, 0.00, 1.00, 13.70 ] },
                "west": { "texture": "#chair_color", "uv": [ 0.00, 0.00, 1.50, 13.70 ] },
                "up": { "texture": "#chair_color", "uv": [ 0.00, 0.00, 1.00, 1.50 ] },
                "down": { "texture": "#chair_color", "uv": [ 0.00, 0.00, 1.00, 1.50 ] }
            }
        },
        {
            "name": "trim_5",
            "from": [ 13.50, 10.00, 2.10 ], 
            "to": [ 14.50, 11.50, 5.40 ], 
            "rotation": { "origin": [ 13.0, 10.000000014901161, 5.399999976158142 ], "axis": "x", "angle": 45.0 },
            "faces": {
                "north": { "texture": "#chair_color", "uv": [ 0.00, 0.00, 1.00, 1.50 ] },
                "east": { "texture": "#chair_color", "uv": [ 0.00, 0.00, 3.30, 1.50 ] },
                "south": { "texture": "#chair_color", "uv": [ 0.00, 0.00, 1.00, 1.50 ] },
                "west": { "texture": "#chair_color", "uv": [ 0.00, 0.00, 3.30, 1.50 ] },
                "up": { "texture": "#chair_color", "uv": [ 0.00, 0.00, 1.00, 3.30 ] },
                "down": { "texture": "#chair_color", "uv": [ 0.00, 0.00, 1.00, 3.30 ] }
            }
        },
        {
            "name": "trim_6",
            "from": [ 1.50, 10.00, 2.10 ], 
            "to": [ 2.50, 11.50, 5.40 ], 
            "rotation": { "origin": [ 13.0, 10.000000014901161, 5.399999976158142 ], "axis": "x", "angle": 45.0 },
            "faces": {
                "north": { "texture": "#chair_color", "uv": [ 0.00, 0.00, 1.00, 1.50 ] },
                "east": { "texture": "#chair_color", "uv": [ 0.00, 0.00, 3.30, 1.50 ] },
                "south": { "texture": "#chair_color", "uv": [ 0.00, 0.00, 1.00, 1.50 ] },
                "west": { "texture": "#chair_color", "uv": [ 0.00, 0.00, 3.30, 1.50 ] },
                "up": { "texture": "#chair_color", "uv": [ 0.00, 0.00, 1.00, 3.30 ] },
                "down": { "texture": "#chair_color", "uv": [ 0.00, 0.00, 1.00, 3.30 ] }
            }
        },
        {
            "name": "pillow",
            "from": [ 5.00, 22.00, 4.00 ], 
            "to": [ 11.00, 25.40, 4.50 ], 
            "faces": {
                "north": { "texture": "#chair_color", "uv": [ 0.00, 0.00, 6.00, 3.40 ] },
                "east": { "texture": "#chair_color", "uv": [ 0.00, 0.00, 0.50, 3.40 ] },
                "south": { "texture": "#chair_color", "uv": [ 0.00, 0.00, 6.00, 3.40 ] },
                "west": { "texture": "#chair_color", "uv": [ 0.00, 0.00, 0.50, 3.40 ] },
                "up": { "texture": "#chair_color", "uv": [ 0.00, 0.00, 6.00, 0.50 ] },
                "down": { "texture": "#chair_color", "uv": [ 0.00, 0.00, 6.00, 0.50 ] }
            }
        },
        {
            "name": "arm_rest_1",
            "from": [ 1.50, 10.00, 13.00 ], 
            "to": [ 2.50, 15.00, 14.50 ], 
            "faces": {
                "north": { "texture": "#1", "uv": [ 0.00, 0.00, 1.00, 5.00 ] },
                "east": { "texture": "#1", "uv": [ 0.00, 0.00, 1.50, 5.00 ] },
                "south": { "texture": "#1", "uv": [ 0.00, 0.00, 1.00, 5.00 ] },
                "west": { "texture": "#1", "uv": [ 0.00, 0.00, 1.50, 5.00 ] },
                "up": { "texture": "#1", "uv": [ 0.00, 0.00, 1.00, 1.50 ] },
                "down": { "texture": "#1", "uv": [ 0.00, 0.00, 1.00, 1.50 ] }
            }
        },
        {
            "name": "arm_rest_2",
            "from": [ 1.20, 15.00, 2.80 ], 
            "to": [ 2.80, 15.50, 15.00 ], 
            "faces": {
                "north": { "texture": "#3", "uv": [ 0.00, 0.00, 1.60, 0.50 ] },
                "east": { "texture": "#3", "uv": [ 0.00, 0.00, 12.20, 0.50 ] },
                "south": { "texture": "#3", "uv": [ 0.00, 0.00, 1.60, 0.50 ] },
                "west": { "texture": "#3", "uv": [ 0.00, 0.00, 12.20, 0.50 ] },
                "up": { "texture": "#3", "uv": [ 0.00, 0.00, 1.60, 12.20 ] },
                "down": { "texture": "#3", "uv": [ 0.00, 0.00, 1.60, 12.20 ] }
            }
        },
        {
            "name": "Cube",
            "from": [ 6.00, 9.00, 6.00 ], 
            "to": [ 10.00, 9.50, 10.00 ], 
            "faces": {
                "north": { "texture": "#2", "uv": [ 0.00, 0.00, 4.00, 0.50 ] },
                "east": { "texture": "#2", "uv": [ 0.00, 0.00, 4.00, 0.50 ] },
                "south": { "texture": "#2", "uv": [ 0.00, 0.00, 4.00, 0.50 ] },
                "west": { "texture": "#2", "uv": [ 0.00, 0.00, 4.00, 0.50 ] },
                "up": { "texture": "#2", "uv": [ 0.00, 0.00, 4.00, 4.00 ] },
                "down": { "texture": "#2", "uv": [ 0.00, 0.00, 4.00, 4.00 ] }
            }
        }
    ]
}