{
    "__comment": "Model generated using MrCrayfish's Model Creator (https://mrcrayfish.com/tools?id=mc)",
    "textures": {
        "particle": "blocks/anvil_base",
        "0": "blocks/concrete_black",
        "1": "blocks/anvil_base",
        "2": "blocks/stone"
    },
    "elements": [
        {
            "name": "wheel_1",
            "from": [ 2.00, 0.00, 2.00 ], 
            "to": [ 3.10, 2.50, 4.50 ], 
            "faces": {
                "north": { "texture": "#0", "uv": [ 0.00, 0.00, 1.10, 2.50 ] },
                "east": { "texture": "#0", "uv": [ 0.00, 0.00, 2.50, 2.50 ] },
                "south": { "texture": "#0", "uv": [ 0.00, 0.00, 1.10, 2.50 ] },
                "west": { "texture": "#0", "uv": [ 0.00, 0.00, 2.50, 2.50 ] },
                "up": { "texture": "#0", "uv": [ 0.00, 0.00, 1.10, 2.50 ] },
                "down": { "texture": "#0", "uv": [ 0.00, 0.00, 1.10, 2.50 ] }
            }
        },
        {
            "name": "wheel_2",
            "from": [ 11.50, 0.00, 2.00 ], 
            "to": [ 12.60, 2.50, 4.50 ], 
            "faces": {
                "north": { "texture": "#0", "uv": [ 0.00, 0.00, 1.10, 2.50 ] },
                "east": { "texture": "#0", "uv": [ 0.00, 0.00, 2.50, 2.50 ] },
                "south": { "texture": "#0", "uv": [ 0.00, 0.00, 1.10, 2.50 ] },
                "west": { "texture": "#0", "uv": [ 0.00, 0.00, 2.50, 2.50 ] },
                "up": { "texture": "#0", "uv": [ 0.00, 0.00, 1.10, 2.50 ] },
                "down": { "texture": "#0", "uv": [ 0.00, 0.00, 1.10, 2.50 ] }
            }
        },
        {
            "name": "wheel_3",
            "from": [ 11.50, 0.00, 11.50 ], 
            "to": [ 12.60, 2.50, 14.00 ], 
            "faces": {
                "north": { "texture": "#0", "uv": [ 0.00, 0.00, 1.10, 2.50 ] },
                "east": { "texture": "#0", "uv": [ 0.00, 0.00, 2.50, 2.50 ] },
                "south": { "texture": "#0", "uv": [ 0.00, 0.00, 1.10, 2.50 ] },
                "west": { "texture": "#0", "uv": [ 0.00, 0.00, 2.50, 2.50 ] },
                "up": { "texture": "#0", "uv": [ 0.00, 0.00, 1.10, 2.50 ] },
                "down": { "texture": "#0", "uv": [ 0.00, 0.00, 1.10, 2.50 ] }
            }
        },
        {
            "name": "wheel_4",
            "from": [ 2.00, 0.00, 11.50 ], 
            "to": [ 3.10, 2.50, 14.00 ], 
            "faces": {
                "north": { "texture": "#0", "uv": [ 0.00, 0.00, 1.10, 2.50 ] },
                "east": { "texture": "#0", "uv": [ 0.00, 0.00, 2.50, 2.50 ] },
                "south": { "texture": "#0", "uv": [ 0.00, 0.00, 1.10, 2.50 ] },
                "west": { "texture": "#0", "uv": [ 0.00, 0.00, 2.50, 2.50 ] },
                "up": { "texture": "#0", "uv": [ 0.00, 0.00, 1.10, 2.50 ] },
                "down": { "texture": "#0", "uv": [ 0.00, 0.00, 1.50, 3.50 ] }
            }
        },
        {
            "name": "legs_1",
            "from": [ 2.00, 2.50, 7.00 ], 
            "to": [ 14.00, 4.50, 9.00 ], 
            "rotation": { "origin": [ 8.0, 8.0, 8.0 ], "axis": "y", "angle": -45.0 },
            "faces": {
                "north": { "texture": "#1", "uv": [ 0.00, 6.00, 12.00, 8.00 ] },
                "east": { "texture": "#1", "uv": [ 0.00, 6.00, 2.00, 8.00 ] },
                "south": { "texture": "#1", "uv": [ 0.00, 6.00, 12.00, 8.00 ] },
                "west": { "texture": "#1", "uv": [ 0.00, 6.00, 2.00, 8.00 ] },
                "up": { "texture": "#1", "uv": [ 0.00, 0.00, 12.00, 2.00 ] },
                "down": { "texture": "#1", "uv": [ 0.00, 0.00, 12.00, 2.00 ] }
            }
        },
        {
            "name": "legs_2",
            "from": [ 2.00, 2.50, 7.00 ], 
            "to": [ 14.00, 4.50, 9.00 ], 
            "rotation": { "origin": [ 8.0, 8.0, 8.0 ], "axis": "y", "angle": 45.0 },
            "faces": {
                "north": { "texture": "#1", "uv": [ 0.00, 6.00, 12.00, 8.00 ] },
                "east": { "texture": "#1", "uv": [ 0.00, 6.00, 2.00, 8.00 ] },
                "south": { "texture": "#1", "uv": [ 0.00, 6.00, 12.00, 8.00 ] },
                "west": { "texture": "#1", "uv": [ 0.00, 6.00, 2.00, 8.00 ] },
                "up": { "texture": "#1", "uv": [ 0.00, 0.00, 12.00, 2.00 ] },
                "down": { "texture": "#1", "uv": [ 0.00, 0.00, 12.00, 2.00 ] }
            }
        },
        {
            "name": "legs_3",
            "from": [ 7.00, 4.50, 7.00 ], 
            "to": [ 9.00, 9.50, 9.00 ], 
            "faces": {
                "north": { "texture": "#1", "uv": [ 0.00, 0.00, 2.00, 5.00 ] },
                "east": { "texture": "#1", "uv": [ 0.00, 0.00, 2.00, 5.00 ] },
                "south": { "texture": "#1", "uv": [ 0.00, 0.00, 2.00, 5.00 ] },
                "west": { "texture": "#1", "uv": [ 0.00, 0.00, 2.00, 5.00 ] },
                "up": { "texture": "#1", "uv": [ 0.00, 0.00, 2.00, 2.00 ] },
                "down": { "texture": "#1", "uv": [ 0.00, 0.00, 2.00, 2.00 ] }
            }
        },
        {
            "name": "wheel_connection_1",
            "from": [ 14.00, 2.50, 7.30 ], 
            "to": [ 15.40, 4.30, 8.70 ], 
            "rotation": { "origin": [ 8.0, 8.0, 8.0 ], "axis": "y", "angle": -45.0 },
            "faces": {
                "north": { "texture": "#1", "uv": [ 0.00, 6.00, 1.40, 7.80 ] },
                "east": { "texture": "#1", "uv": [ 0.00, 6.00, 1.40, 7.80 ] },
                "south": { "texture": "#1", "uv": [ 0.00, 6.00, 1.40, 7.80 ] },
                "west": { "texture": "#1", "uv": [ 0.00, 6.00, 1.40, 7.80 ] },
                "up": { "texture": "#1", "uv": [ 0.00, 0.00, 1.40, 1.40 ] },
                "down": { "texture": "#1", "uv": [ 0.00, 0.00, 1.40, 1.40 ] }
            }
        },
        {
            "name": "wheel_connection_2",
            "from": [ 0.60, 2.50, 7.30 ], 
            "to": [ 2.00, 4.30, 8.70 ], 
            "rotation": { "origin": [ 8.0, 8.0, 8.0 ], "axis": "y", "angle": -45.0 },
            "faces": {
                "north": { "texture": "#1", "uv": [ 0.00, 6.00, 1.40, 7.80 ] },
                "east": { "texture": "#1", "uv": [ 0.00, 6.00, 1.40, 7.80 ] },
                "south": { "texture": "#1", "uv": [ 0.00, 6.00, 1.40, 7.80 ] },
                "west": { "texture": "#1", "uv": [ 0.00, 6.00, 1.40, 7.80 ] },
                "up": { "texture": "#1", "uv": [ 0.00, 0.00, 1.40, 1.40 ] },
                "down": { "texture": "#1", "uv": [ 0.00, 0.00, 1.40, 1.40 ] }
            }
        },
        {
            "name": "wheel_connection_3",
            "from": [ 0.60, 2.50, 7.30 ], 
            "to": [ 2.00, 4.30, 8.70 ], 
            "rotation": { "origin": [ 8.0, 8.0, 8.0 ], "axis": "y", "angle": 45.0 },
            "faces": {
                "north": { "texture": "#1", "uv": [ 0.00, 6.00, 1.40, 7.80 ] },
                "east": { "texture": "#1", "uv": [ 0.00, 6.00, 1.40, 7.80 ] },
                "south": { "texture": "#1", "uv": [ 0.00, 6.00, 1.40, 7.80 ] },
                "west": { "texture": "#1", "uv": [ 0.00, 6.00, 1.40, 7.80 ] },
                "up": { "texture": "#1", "uv": [ 0.00, 0.00, 1.40, 1.40 ] },
                "down": { "texture": "#1", "uv": [ 0.00, 0.00, 1.40, 1.40 ] }
            }
        },
        {
            "name": "wheel_connection_4",
            "from": [ 14.00, 2.50, 7.30 ], 
            "to": [ 15.40, 4.30, 8.70 ], 
            "rotation": { "origin": [ 8.0, 8.0, 8.0 ], "axis": "y", "angle": 45.0 },
            "faces": {
                "north": { "texture": "#1", "uv": [ 0.00, 6.00, 1.40, 7.80 ] },
                "east": { "texture": "#1", "uv": [ 0.00, 6.00, 1.40, 7.80 ] },
                "south": { "texture": "#1", "uv": [ 0.00, 6.00, 1.40, 7.80 ] },
                "west": { "texture": "#1", "uv": [ 0.00, 6.00, 1.40, 7.80 ] },
                "up": { "texture": "#1", "uv": [ 0.00, 0.00, 1.40, 1.40 ] },
                "down": { "texture": "#1", "uv": [ 0.00, 0.00, 1.40, 1.40 ] }
            }
        },
        {
            "name": "wheel_5",
            "from": [ 3.40, 0.00, 2.00 ], 
            "to": [ 4.50, 2.50, 4.50 ], 
            "faces": {
                "north": { "texture": "#0", "uv": [ 0.00, 0.00, 1.10, 2.50 ] },
                "east": { "texture": "#0", "uv": [ 0.00, 0.00, 2.50, 2.50 ] },
                "south": { "texture": "#0", "uv": [ 0.00, 0.00, 1.10, 2.50 ] },
                "west": { "texture": "#0", "uv": [ 0.00, 0.00, 2.50, 2.50 ] },
                "up": { "texture": "#0", "uv": [ 0.00, 0.00, 1.10, 2.50 ] },
                "down": { "texture": "#0", "uv": [ 0.00, 0.00, 1.10, 2.50 ] }
            }
        },
        {
            "name": "wheel_6",
            "from": [ 12.90, 0.00, 2.00 ], 
            "to": [ 14.00, 2.50, 4.50 ], 
            "faces": {
                "north": { "texture": "#0", "uv": [ 0.00, 0.00, 1.10, 2.50 ] },
                "east": { "texture": "#0", "uv": [ 0.00, 0.00, 2.50, 2.50 ] },
                "south": { "texture": "#0", "uv": [ 0.00, 0.00, 1.10, 2.50 ] },
                "west": { "texture": "#0", "uv": [ 0.00, 0.00, 2.50, 2.50 ] },
                "up": { "texture": "#0", "uv": [ 0.00, 0.00, 1.10, 2.50 ] },
                "down": { "texture": "#0", "uv": [ 0.00, 0.00, 1.10, 2.50 ] }
            }
        },
        {
            "name": "wheel_7",
            "from": [ 12.90, 0.00, 11.50 ], 
            "to": [ 14.00, 2.50, 14.00 ], 
            "faces": {
                "north": { "texture": "#0", "uv": [ 0.00, 0.00, 1.10, 2.50 ] },
                "east": { "texture": "#0", "uv": [ 0.00, 0.00, 2.50, 2.50 ] },
                "south": { "texture": "#0", "uv": [ 0.00, 0.00, 1.10, 2.50 ] },
                "west": { "texture": "#0", "uv": [ 0.00, 0.00, 2.50, 2.50 ] },
                "up": { "texture": "#0", "uv": [ 0.00, 0.00, 1.10, 2.50 ] },
                "down": { "texture": "#0", "uv": [ 0.00, 0.00, 1.10, 2.50 ] }
            }
        },
        {
            "name": "wheel_8",
            "from": [ 3.40, 0.00, 11.50 ], 
            "to": [ 4.50, 2.50, 14.00 ], 
            "faces": {
                "north": { "texture": "#0", "uv": [ 0.00, 0.00, 1.10, 2.50 ] },
                "east": { "texture": "#0", "uv": [ 0.00, 0.00, 2.50, 2.50 ] },
                "south": { "texture": "#0", "uv": [ 0.00, 0.00, 1.10, 2.50 ] },
                "west": { "texture": "#0", "uv": [ 0.00, 0.00, 2.50, 2.50 ] },
                "up": { "texture": "#0", "uv": [ 0.00, 0.00, 1.10, 2.50 ] },
                "down": { "texture": "#0", "uv": [ 0.00, 0.00, 1.50, 3.50 ] }
            }
        },
        {
            "name": "wheel_axel_1",
            "from": [ 3.10, 0.20, 2.20 ], 
            "to": [ 3.40, 2.30, 4.30 ], 
            "faces": {
                "north": { "texture": "#2", "uv": [ 0.00, 0.00, 0.30, 2.10 ] },
                "south": { "texture": "#2", "uv": [ 0.00, 0.00, 0.30, 2.10 ] },
                "west": { "texture": "#2", "uv": [ 0.00, 0.00, 2.10, 2.10 ] },
                "up": { "texture": "#2", "uv": [ 0.00, 0.00, -1.70, 2.10 ] },
                "down": { "texture": "#2", "uv": [ 0.00, 0.00, 0.30, 2.10 ] }
            }
        },
        {
            "name": "wheel_axel_2",
            "from": [ 12.60, 0.20, 2.20 ], 
            "to": [ 12.90, 2.30, 4.30 ], 
            "faces": {
                "north": { "texture": "#2", "uv": [ 0.00, 0.00, 0.30, 2.10 ] },
                "south": { "texture": "#2", "uv": [ 0.00, 0.00, 0.30, 2.10 ] },
                "west": { "texture": "#2", "uv": [ 0.00, 0.00, 2.10, 2.10 ] },
                "up": { "texture": "#2", "uv": [ 0.00, 0.00, -1.70, 2.10 ] },
                "down": { "texture": "#2", "uv": [ 0.00, 0.00, 0.30, 2.10 ] }
            }
        },
        {
            "name": "wheel_axel_3",
            "from": [ 12.60, 0.20, 11.70 ], 
            "to": [ 12.90, 2.30, 13.80 ], 
            "faces": {
                "north": { "texture": "#2", "uv": [ 0.00, 0.00, 0.30, 2.10 ] },
                "south": { "texture": "#2", "uv": [ 0.00, 0.00, 0.30, 2.10 ] },
                "west": { "texture": "#2", "uv": [ 0.00, 0.00, 2.10, 2.10 ] },
                "up": { "texture": "#2", "uv": [ 0.00, 0.00, -1.70, 2.10 ] },
                "down": { "texture": "#2", "uv": [ 0.00, 0.00, 0.30, 2.10 ] }
            }
        },
        {
            "name": "wheel_axel_4",
            "from": [ 3.10, 0.20, 11.70 ], 
            "to": [ 3.40, 2.30, 13.80 ], 
            "faces": {
                "north": { "texture": "#2", "uv": [ 0.00, 0.00, 0.30, 2.10 ] },
                "south": { "texture": "#2", "uv": [ 0.00, 0.00, 0.30, 2.10 ] },
                "west": { "texture": "#2", "uv": [ 0.00, 0.00, 2.10, 2.10 ] },
                "up": { "texture": "#2", "uv": [ 0.00, 0.00, -1.70, 2.10 ] },
                "down": { "texture": "#2", "uv": [ 0.00, 0.00, 0.30, 2.10 ] }
            }
        }
    ]
}