{
    "__comment": "Model generated using MrCrayfish's Model Creator (https://mrcrayfish.com/tools?id=mc)",
    "textures": {
        "particle": "blocks/anvil_base",
        "0": "blocks/anvil_base",
        "1": "blocks/wool_colored_red",
        "2": "blocks/stone"
    },
    "display": {
        "gui": {
            "rotation": [ 30, 45, 0 ],
            "translation": [ 0, 2, 0 ],
            "scale": [ 0.8, 0.8, 0.8 ]
        },
        "ground": {
            "rotation": [ 0, 0, 0 ],
            "translation": [ 0, 3, 0 ],
            "scale": [ 0.25, 0.25, 0.25 ]
        },
        "fixed": {
            "rotation": [ -90, 180, 0 ],
            "translation": [ 0, 0, -7 ],
            "scale": [ 1.0, 1.0, 1.0 ]
        },
        "thirdperson_righthand": {
            "rotation": [ 75, -45, 0 ],
            "translation": [ 0, 2.5, 3.5 ],
            "scale": [ 0.5, 0.5, 0.5 ]
        },
        "firstperson_righthand": {
            "rotation": [ 0, -45, 0 ],
            "translation": [ 0, 4, 0 ],
            "scale": [ 0.4, 0.4, 0.4 ]
        }
    },
    "elements": [
        {
            "name": "base_1",
            "from": [ 2.00, 0.00, 4.00 ], 
            "to": [ 14.00, 2.00, 6.00 ], 
            "faces": {
                "north": { "texture": "#0", "uv": [ 0.00, 0.00, 12.00, 2.00 ] },
                "east": { "texture": "#0", "uv": [ 0.00, 0.00, 2.00, 2.00 ] },
                "south": { "texture": "#0", "uv": [ 0.00, 0.00, 12.00, 2.00 ] },
                "west": { "texture": "#0", "uv": [ 0.00, 0.00, 2.00, 2.00 ] },
                "up": { "texture": "#0", "uv": [ 0.00, 0.00, 12.00, 2.00 ] },
                "down": { "texture": "#0", "uv": [ 0.00, 0.00, 12.00, 2.00 ] }
            }
        },
        {
            "name": "base_2",
            "from": [ 2.00, 0.00, 10.00 ], 
            "to": [ 5.00, 2.00, 12.00 ], 
            "faces": {
                "north": { "texture": "#0", "uv": [ 0.00, 0.00, 3.00, 2.00 ] },
                "east": { "texture": "#0", "uv": [ 0.00, 0.00, 2.00, 2.00 ] },
                "south": { "texture": "#0", "uv": [ 8.00, 6.00, 11.00, 8.00 ] },
                "west": { "texture": "#0", "uv": [ 0.00, 0.00, 2.00, 2.00 ] },
                "up": { "texture": "#0", "uv": [ 0.00, 0.00, 3.00, 2.00 ] },
                "down": { "texture": "#0", "uv": [ 0.00, 0.00, 3.00, 2.00 ] }
            }
        },
        {
            "name": "base_3",
            "from": [ 11.00, 0.00, 10.00 ], 
            "to": [ 14.00, 2.00, 12.00 ], 
            "faces": {
                "north": { "texture": "#0", "uv": [ 0.00, 0.00, 3.00, 2.00 ] },
                "east": { "texture": "#0", "uv": [ 0.00, 0.00, 2.00, 2.00 ] },
                "south": { "texture": "#0", "uv": [ 10.00, 6.00, 13.00, 8.00 ] },
                "west": { "texture": "#0", "uv": [ 0.00, 0.00, 2.00, 2.00 ] },
                "up": { "texture": "#0", "uv": [ 0.00, 0.00, 3.00, 2.00 ] },
                "down": { "texture": "#0", "uv": [ 0.00, 0.00, 3.00, 2.00 ] }
            }
        },
        {
            "name": "base_4",
            "from": [ 3.00, 0.20, 5.00 ], 
            "to": [ 13.00, 2.20, 11.00 ], 
            "faces": {
                "north": { "texture": "#0", "uv": [ 0.00, 0.00, 10.00, 2.00 ] },
                "east": { "texture": "#0", "uv": [ 0.00, 0.00, 6.00, 2.00 ] },
                "south": { "texture": "#0", "uv": [ 0.00, 0.00, 10.00, 2.00 ] },
                "west": { "texture": "#0", "uv": [ 0.00, 0.00, 6.00, 2.00 ] },
                "up": { "texture": "#0", "uv": [ 0.00, 0.00, 10.00, 6.00 ] },
                "down": { "texture": "#0", "uv": [ 0.00, 0.00, 10.00, 6.00 ] }
            }
        },
        {
            "name": "detail",
            "from": [ 2.10, 0.10, 6.00 ], 
            "to": [ 13.90, 1.90, 11.90 ], 
            "faces": {
                "north": { "texture": "#1", "uv": [ 0.00, 0.00, 11.80, 1.80 ] },
                "east": { "texture": "#1", "uv": [ 0.00, 0.00, 5.90, 1.80 ] },
                "south": { "texture": "#1", "uv": [ 0.00, 0.00, 11.80, 1.80 ] },
                "west": { "texture": "#1", "uv": [ 0.00, 0.00, 5.90, 1.80 ] },
                "up": { "texture": "#1", "uv": [ 0.00, 0.00, 11.80, 5.90 ] },
                "down": { "texture": "#1", "uv": [ 0.00, 0.00, 11.80, 5.90 ] }
            }
        },
        {
            "name": "stick_1",
            "from": [ 4.10, 1.10, 3.00 ], 
            "to": [ 4.90, 5.10, 3.80 ], 
            "faces": {
                "north": { "texture": "#0", "uv": [ 0.00, 0.00, 0.80, 4.00 ] },
                "east": { "texture": "#0", "uv": [ 0.00, 0.00, 0.80, 4.00 ] },
                "south": { "texture": "#0", "uv": [ 0.00, 0.00, 0.80, 4.00 ] },
                "west": { "texture": "#0", "uv": [ 0.00, 0.00, 0.80, 4.00 ] },
                "up": { "texture": "#0", "uv": [ 0.00, 0.00, 0.80, 0.80 ] },
                "down": { "texture": "#0", "uv": [ 0.00, 0.00, 0.80, 0.80 ] }
            }
        },
        {
            "name": "stick_3",
            "from": [ 11.10, 1.10, 3.00 ], 
            "to": [ 11.90, 5.10, 3.80 ], 
            "faces": {
                "north": { "texture": "#0", "uv": [ 0.00, 0.00, 0.80, 4.00 ] },
                "east": { "texture": "#0", "uv": [ 0.00, 0.00, 0.80, 4.00 ] },
                "south": { "texture": "#0", "uv": [ 0.00, 0.00, 0.80, 4.00 ] },
                "west": { "texture": "#0", "uv": [ 0.00, 0.00, 0.80, 4.00 ] },
                "up": { "texture": "#0", "uv": [ 0.00, 0.00, 0.80, 0.80 ] },
                "down": { "texture": "#0", "uv": [ 0.00, 0.00, 0.80, 0.80 ] }
            }
        },
        {
            "name": "connection_1",
            "from": [ 4.30, 1.30, 3.80 ], 
            "to": [ 4.70, 1.70, 4.00 ], 
            "faces": {
                "north": { "texture": "#2", "uv": [ 0.00, 0.00, 0.40, 0.40 ] },
                "east": { "texture": "#2", "uv": [ 0.00, 0.00, 0.20, 0.40 ] },
                "south": { "texture": "#2", "uv": [ 0.00, 0.00, 0.40, 0.40 ] },
                "west": { "texture": "#2", "uv": [ 0.00, 0.00, 0.20, 0.40 ] },
                "up": { "texture": "#2", "uv": [ 0.00, 0.00, 0.40, 0.20 ] },
                "down": { "texture": "#2", "uv": [ 0.00, 0.00, 0.40, 0.20 ] }
            }
        },
        {
            "name": "connection_3",
            "from": [ 11.30, 1.30, 3.80 ], 
            "to": [ 11.70, 1.70, 4.00 ], 
            "faces": {
                "north": { "texture": "#2", "uv": [ 0.00, 0.00, 0.40, 0.40 ] },
                "east": { "texture": "#2", "uv": [ 0.00, 0.00, 0.20, 0.40 ] },
                "south": { "texture": "#2", "uv": [ 0.00, 0.00, 0.40, 0.40 ] },
                "west": { "texture": "#2", "uv": [ 0.00, 0.00, 0.20, 0.40 ] },
                "up": { "texture": "#2", "uv": [ 0.00, 0.00, 0.40, 0.20 ] },
                "down": { "texture": "#2", "uv": [ 0.00, 0.00, 0.40, 0.20 ] }
            }
        },
        {
            "name": "stick_detail_1",
            "from": [ 4.20, 5.10, 3.00 ], 
            "to": [ 4.80, 6.90, 3.80 ], 
            "faces": {
                "north": { "texture": "#0", "uv": [ 0.00, 0.00, 0.60, 1.80 ] },
                "east": { "texture": "#0", "uv": [ 0.00, 0.00, 0.80, 1.80 ] },
                "south": { "texture": "#0", "uv": [ 0.00, 0.00, 0.60, 1.80 ] },
                "west": { "texture": "#0", "uv": [ 0.00, 0.00, 0.80, 1.80 ] },
                "up": { "texture": "#0", "uv": [ 0.00, 0.00, 0.60, 0.80 ] },
                "down": { "texture": "#0", "uv": [ 0.00, 0.00, 0.60, 0.80 ] }
            }
        },
        {
            "name": "stick_detail_3",
            "from": [ 11.20, 5.10, 3.00 ], 
            "to": [ 11.80, 6.90, 3.80 ], 
            "faces": {
                "north": { "texture": "#0", "uv": [ 0.00, 0.00, 0.60, 1.80 ] },
                "east": { "texture": "#0", "uv": [ 0.00, 0.00, 0.80, 1.80 ] },
                "south": { "texture": "#0", "uv": [ 0.00, 0.00, 0.60, 1.80 ] },
                "west": { "texture": "#0", "uv": [ 0.00, 0.00, 0.80, 1.80 ] },
                "up": { "texture": "#0", "uv": [ 0.00, 0.00, 0.60, 0.80 ] },
                "down": { "texture": "#0", "uv": [ 0.00, 0.00, 0.60, 0.80 ] }
            }
        }
    ]
}