{
    "__comment": "Model generated using MrCrayfish's Model Creator (https://mrcrayfish.com/tools?id=mc)",
    "textures": {
        "particle": "blocks/anvil_base",
        "0": "blocks/anvil_base",
        "1": "blocks/wool_colored_red",
        "2": "blocks/stone"
    },
    "elements": [
        {
            "name": "base_1",
            "from": [ 2.00, 7.00, 0.00 ], 
            "to": [ 14.00, 9.00, 2.00 ], 
            "faces": {
                "north": { "texture": "#0", "uv": [ 0.00, 0.00, 12.00, 2.00 ] },
                "east": { "texture": "#0", "uv": [ 0.00, 0.00, 2.00, 2.00 ] },
                "south": { "texture": "#0", "uv": [ 0.00, 0.00, 12.00, 2.00 ] },
                "west": { "texture": "#0", "uv": [ 0.00, 0.00, 2.00, 2.00 ] },
                "up": { "texture": "#0", "uv": [ 0.00, 0.00, 12.00, 2.00 ] },
                "down": { "texture": "#0", "uv": [ 0.00, 0.00, 12.00, 2.00 ] }
            }
        },
        {
            "name": "base_2",
            "from": [ 2.00, 1.00, 0.00 ], 
            "to": [ 5.00, 3.00, 2.00 ], 
            "faces": {
                "north": { "texture": "#0", "uv": [ 0.00, 0.00, 3.00, 2.00 ] },
                "east": { "texture": "#0", "uv": [ 0.00, 0.00, 2.00, 2.00 ] },
                "south": { "texture": "#0", "uv": [ 8.00, 6.00, 11.00, 8.00 ] },
                "west": { "texture": "#0", "uv": [ 0.00, 0.00, 2.00, 2.00 ] },
                "up": { "texture": "#0", "uv": [ 0.00, 0.00, 3.00, 2.00 ] },
                "down": { "texture": "#0", "uv": [ 0.00, 0.00, 3.00, 2.00 ] }
            }
        },
        {
            "name": "base_3",
            "from": [ 11.00, 1.00, 0.00 ], 
            "to": [ 14.00, 3.00, 2.00 ], 
            "faces": {
                "north": { "texture": "#0", "uv": [ 0.00, 0.00, 3.00, 2.00 ] },
                "east": { "texture": "#0", "uv": [ 0.00, 0.00, 2.00, 2.00 ] },
                "south": { "texture": "#0", "uv": [ 10.00, 6.00, 13.00, 8.00 ] },
                "west": { "texture": "#0", "uv": [ 0.00, 0.00, 2.00, 2.00 ] },
                "up": { "texture": "#0", "uv": [ 0.00, 0.00, 3.00, 2.00 ] },
                "down": { "texture": "#0", "uv": [ 0.00, 0.00, 3.00, 2.00 ] }
            }
        },
        {
            "name": "base_4",
            "from": [ 3.00, 2.00, 0.20 ], 
            "to": [ 13.00, 8.00, 2.20 ], 
            "faces": {
                "north": { "texture": "#0", "uv": [ 0.00, 0.00, 10.00, 6.00 ] },
                "east": { "texture": "#0", "uv": [ 0.00, 0.00, 2.00, 6.00 ] },
                "south": { "texture": "#0", "uv": [ 0.00, 0.00, 10.00, 6.00 ] },
                "west": { "texture": "#0", "uv": [ 0.00, 0.00, 2.00, 6.00 ] },
                "up": { "texture": "#0", "uv": [ 0.00, 0.00, 10.00, 2.00 ] },
                "down": { "texture": "#0", "uv": [ 0.00, 0.00, 10.00, 2.00 ] }
            }
        },
        {
            "name": "detail",
            "from": [ 2.10, 1.10, 0.10 ], 
            "to": [ 13.90, 7.90, 1.90 ], 
            "faces": {
                "north": { "texture": "#1", "uv": [ 0.00, 0.00, 11.80, 6.80 ] },
                "east": { "texture": "#1", "uv": [ 0.00, 0.00, 1.80, 6.80 ] },
                "south": { "texture": "#1", "uv": [ 0.00, 0.00, 11.80, 6.80 ] },
                "west": { "texture": "#1", "uv": [ 0.00, 0.00, 1.80, 6.80 ] },
                "down": { "texture": "#1", "uv": [ 0.00, 0.00, 11.80, 1.80 ] }
            }
        },
        {
            "name": "stick_1",
            "from": [ 4.10, 9.10, 0.60 ], 
            "to": [ 4.90, 13.10, 1.40 ], 
            "faces": {
                "north": { "texture": "#0", "uv": [ 0.00, 0.00, 0.80, 4.00 ] },
                "east": { "texture": "#0", "uv": [ 0.00, 0.00, 0.80, 4.00 ] },
                "south": { "texture": "#0", "uv": [ 0.00, 0.00, 0.80, 4.00 ] },
                "west": { "texture": "#0", "uv": [ 0.00, 0.00, 0.80, 4.00 ] },
                "up": { "texture": "#0", "uv": [ 0.00, 0.00, 0.80, 0.80 ] },
                "down": { "texture": "#0", "uv": [ 0.00, 0.00, 0.80, 0.80 ] }
            }
        },
        {
            "name": "connection_1",
            "from": [ 4.30, 8.90, 0.80 ], 
            "to": [ 4.70, 9.10, 1.20 ], 
            "faces": {
                "north": { "texture": "#2", "uv": [ 0.00, 0.00, 0.40, 0.20 ] },
                "east": { "texture": "#2", "uv": [ 0.00, 0.00, 0.40, 0.20 ] },
                "south": { "texture": "#2", "uv": [ 0.00, 0.00, 0.40, 0.20 ] },
                "west": { "texture": "#2", "uv": [ 0.00, 0.00, 0.40, 0.20 ] },
                "up": { "texture": "#2", "uv": [ 0.00, 0.00, 0.40, 0.40 ] },
                "down": { "texture": "#2", "uv": [ 0.00, 0.00, 0.40, 0.40 ] }
            }
        },
        {
            "name": "connection_2",
            "from": [ 11.30, 8.90, 0.80 ], 
            "to": [ 11.70, 9.10, 1.20 ], 
            "faces": {
                "north": { "texture": "#2", "uv": [ 0.00, 0.00, 0.40, 0.20 ] },
                "east": { "texture": "#2", "uv": [ 0.00, 0.00, 0.40, 0.20 ] },
                "south": { "texture": "#2", "uv": [ 0.00, 0.00, 0.40, 0.20 ] },
                "west": { "texture": "#2", "uv": [ 0.00, 0.00, 0.40, 0.20 ] },
                "up": { "texture": "#2", "uv": [ 0.00, 0.00, 0.40, 0.40 ] },
                "down": { "texture": "#2", "uv": [ 0.00, 0.00, 0.40, 0.40 ] }
            }
        },
        {
            "name": "stick_detail_1",
            "from": [ 4.20, 13.10, 0.70 ], 
            "to": [ 4.80, 14.90, 1.30 ], 
            "faces": {
                "north": { "texture": "#0", "uv": [ 0.00, 0.00, 0.60, 1.80 ] },
                "east": { "texture": "#0", "uv": [ 0.00, 0.00, 0.60, 1.80 ] },
                "south": { "texture": "#0", "uv": [ 0.00, 0.00, 0.60, 1.80 ] },
                "west": { "texture": "#0", "uv": [ 0.00, 0.00, 0.60, 1.80 ] },
                "up": { "texture": "#0", "uv": [ 0.00, 0.00, 0.60, 0.60 ] },
                "down": { "texture": "#0", "uv": [ 0.00, 0.00, 0.60, 0.60 ] }
            }
        },
        {
            "name": "stick_2",
            "from": [ 11.10, 9.10, 0.60 ], 
            "to": [ 11.90, 13.10, 1.40 ], 
            "faces": {
                "north": { "texture": "#0", "uv": [ 0.00, 0.00, 0.80, 4.00 ] },
                "east": { "texture": "#0", "uv": [ 0.00, 0.00, 0.80, 4.00 ] },
                "south": { "texture": "#0", "uv": [ 0.00, 0.00, 0.80, 4.00 ] },
                "west": { "texture": "#0", "uv": [ 0.00, 0.00, 0.80, 4.00 ] },
                "up": { "texture": "#0", "uv": [ 0.00, 0.00, 0.80, 0.80 ] },
                "down": { "texture": "#0", "uv": [ 0.00, 0.00, 0.80, 0.80 ] }
            }
        },
        {
            "name": "stick_detail_2",
            "from": [ 11.20, 13.10, 0.70 ], 
            "to": [ 11.80, 14.90, 1.30 ], 
            "faces": {
                "north": { "texture": "#0", "uv": [ 0.00, 0.00, 0.60, 1.80 ] },
                "east": { "texture": "#0", "uv": [ 0.00, 0.00, 0.60, 1.80 ] },
                "south": { "texture": "#0", "uv": [ 0.00, 0.00, 0.60, 1.80 ] },
                "west": { "texture": "#0", "uv": [ 0.00, 0.00, 0.60, 1.80 ] },
                "up": { "texture": "#0", "uv": [ 0.00, 0.00, 0.60, 0.60 ] },
                "down": { "texture": "#0", "uv": [ 0.00, 0.00, 0.60, 0.60 ] }
            }
        }
    ]
}