{
    "result": {
        "item": "cdm:printer",
        "data": 13
    },
    "pattern": [
        "PSP",
        "MCB",
        "PDP"
    ],
    "type": "minecraft:crafting_shaped",
    "key": {
        "D": {
            "item": "minecraft:dye",
            "data": 2
        },
        "P": {
            "item": "cdm:plastic_frame"
        },
        "S": {
            "item": "cdm:screen"
        },
        "M": {
            "item": "cdm:small_electric_motor"
        },
        "C": {
            "item": "cdm:carriage"
        },
        "B": {
            "item": "cdm:controller_unit"
        }
    }
}