{
    "result": {
        "item": "cdm:office_chair",
        "data": 14
    },
    "pattern": [
        "CDC",
        "CLC",
        "WFW"
    ],
    "type": "minecraft:crafting_shaped",
    "key": {
        "D": {
            "item": "minecraft:wool",
            "data": 14
        },
        "C": {
            "item": "minecraft:concrete",
            "data": 7
        },
        "L": {
            "item": "minecraft:leather"
        },
        "W": {
            "item": "cdm:wheel"
        },
        "F": {
            "item": "minecraft:cobblestone_wall",
            "data": 0
        }
    }
}