{
    "__comment": "Model generated using MrCrayfish's Model Creator (https://mrcrayfish.com/tools?id=mc)",
    "textures": {
        "0": "cdm:items/battery",
        "1": "cdm:items/battery_bottom"
    },
    "display": {
        "gui": {
            "rotation": [ 30, 45, 0 ],
            "translation": [ 0, 3, 0 ],
            "scale": [ 0.8, 0.8, 0.8 ]
        },
        "ground": {
            "rotation": [ 0, 0, 0 ],
            "translation": [ 0, 3, 0 ],
            "scale": [ 0.5, 0.5, 0.5 ]
        },
        "fixed": {
            "rotation": [ 0, 0, 0 ],
            "translation": [ 0, 0, 0 ],
            "scale": [ 0.5, 0.5, 0.5 ]
        },
        "thirdperson_righthand": {
            "rotation": [ 75, 45, 0 ],
            "translation": [ 0, 2.5, 0 ],
            "scale": [ 0.375, 0.375, 0.375 ]
        },
        "firstperson_righthand": {
            "rotation": [ 0, 315, 0 ],
            "translation": [ 0, 5, 0 ],
            "scale": [ 0.5, 0.5, 0.5 ]
        }
    },
    "elements": [
        {
            "name": "base_1",
            "from": [ 3.50, 0.00, 1.50 ], 
            "to": [ 12.00, 1.40, 10.00 ], 
            "faces": {
                "north": { "texture": "#0", "uv": [ 3.50, 1.50, 12.00, 2.00 ], "rotation": 180 },
                "east": { "texture": "#0", "uv": [ 3.50, 1.50, 4.00, 10.00 ], "rotation": 90 },
                "south": { "texture": "#0", "uv": [ 3.50, 1.50, 12.00, 2.00 ] },
                "west": { "texture": "#0", "uv": [ 3.50, 1.50, 4.00, 10.00 ] },
                "up": { "texture": "#0", "uv": [ 3.50, 1.50, 12.00, 10.00 ] },
                "down": { "texture": "#1", "uv": [ 3.50, 6.00, 12.00, 14.50 ] }
            }
        },
        {
            "name": "base_2",
            "from": [ 4.00, 0.00, 10.00 ], 
            "to": [ 11.50, 1.40, 11.50 ], 
            "faces": {
                "east": { "texture": "#0", "uv": [ 11.00, 10.00, 11.50, 11.40 ], "rotation": 90 },
                "west": { "texture": "#0", "uv": [ 4.00, 10.00, 4.50, 11.40 ], "rotation": 270 },
                "up": { "texture": "#0", "uv": [ 4.00, 10.00, 11.50, 11.50 ] },
                "down": { "texture": "#1", "uv": [ 4.00, 4.50, 11.50, 6.00 ] }
            }
        },
        {
            "name": "base_3",
            "from": [ 3.50, 0.00, 11.50 ], 
            "to": [ 12.00, 1.40, 14.50 ], 
            "faces": {
                "north": { "texture": "#0", "uv": [ 3.50, 1.50, 12.00, 2.00 ] },
                "east": { "texture": "#0", "uv": [ 3.50, 11.50, 4.00, 14.50 ] },
                "south": { "texture": "#0", "uv": [ 3.50, 14.00, 12.00, 14.50 ] },
                "west": { "texture": "#0", "uv": [ 3.50, 11.50, 4.00, 14.50 ], "rotation": 270 },
                "up": { "texture": "#0", "uv": [ 3.50, 11.50, 12.00, 14.50 ] },
                "down": { "texture": "#1", "uv": [ 3.50, 1.50, 12.00, 4.50 ] }
            }
        },
        {
            "name": "connection_1",
            "from": [ 5.00, 0.20, 1.00 ], 
            "to": [ 5.50, 1.20, 1.50 ], 
            "faces": {
                "north": { "texture": "#0", "uv": [ 5.00, 1.00, 5.50, 2.00 ] },
                "east": { "texture": "#0", "uv": [ 5.00, 1.00, 5.50, 2.00 ] },
                "south": { "texture": "#0", "uv": [ 5.00, 1.00, 5.50, 2.00 ] },
                "west": { "texture": "#0", "uv": [ 5.00, 1.00, 5.50, 2.00 ] },
                "up": { "texture": "#0", "uv": [ 5.00, 1.00, 5.50, 1.50 ] },
                "down": { "texture": "#0", "uv": [ 5.00, 1.00, 5.50, 1.50 ] }
            }
        },
        {
            "name": "connection_2",
            "from": [ 6.00, 0.20, 1.00 ], 
            "to": [ 6.50, 1.20, 1.50 ], 
            "faces": {
                "north": { "texture": "#0", "uv": [ 5.00, 1.00, 5.50, 2.00 ] },
                "east": { "texture": "#0", "uv": [ 5.00, 1.00, 5.50, 2.00 ] },
                "south": { "texture": "#0", "uv": [ 5.00, 1.00, 5.50, 2.00 ] },
                "west": { "texture": "#0", "uv": [ 5.00, 1.00, 5.50, 2.00 ] },
                "up": { "texture": "#0", "uv": [ 5.00, 1.00, 5.50, 1.50 ] },
                "down": { "texture": "#0", "uv": [ 5.00, 1.00, 5.50, 1.50 ] }
            }
        },
        {
            "name": "light_1",
            "from": [ 8.50, 1.40, 3.50 ], 
            "to": [ 11.00, 1.80, 5.00 ], 
            "faces": {
                "north": { "texture": "#0", "uv": [ 8.50, 3.50, 11.00, 3.90 ], "rotation": 180 },
                "east": { "texture": "#0", "uv": [ 10.50, 3.50, 11.00, 5.00 ] },
                "south": { "texture": "#0", "uv": [ 8.50, 4.50, 11.00, 4.90 ] },
                "west": { "texture": "#0", "uv": [ 8.50, 3.50, 9.00, 5.00 ] },
                "up": { "texture": "#0", "uv": [ 8.50, 3.50, 11.00, 5.00 ] }
            }
        },
        {
            "name": "light_2",
            "from": [ 9.00, 1.40, 3.00 ], 
            "to": [ 10.50, 1.80, 3.50 ], 
            "faces": {
                "north": { "texture": "#0", "uv": [ 9.00, 3.00, 10.50, 3.40 ] },
                "east": { "texture": "#0", "uv": [ 9.00, 3.00, 9.50, 3.40 ] },
                "west": { "texture": "#0", "uv": [ 9.00, 3.00, 9.50, 3.40 ] },
                "up": { "texture": "#0", "uv": [ 9.00, 3.00, 10.50, 3.50 ] }
            }
        },
        {
            "name": "light_3",
            "from": [ 9.00, 1.40, 5.00 ], 
            "to": [ 10.50, 1.80, 5.50 ], 
            "faces": {
                "east": { "texture": "#0", "uv": [ 9.00, 3.00, 9.50, 3.40 ] },
                "south": { "texture": "#0", "uv": [ 9.00, 3.00, 10.50, 3.40 ] },
                "west": { "texture": "#0", "uv": [ 9.00, 3.00, 9.50, 3.40 ] },
                "up": { "texture": "#0", "uv": [ 9.00, 3.00, 10.50, 3.50 ] }
            }
        }
    ]
}