{
    "__comment": "Model generated using MrCrayfish's Model Creator (https://mrcrayfish.com/tools?id=mc)",
    "textures": {
        "0": "cdm:items/controller_unit_red",
        "1": "cdm:items/controller_unit_red_bottom"
    },
    "display": {
        "gui": {
            "rotation": [ 30, 45, 0 ],
            "translation": [ 0, 3, 0 ],
            "scale": [ 0.625, 0.625, 0.625 ]
        },
        "ground": {
            "rotation": [ 0, 0, 0 ],
            "translation": [ 0, 3, 0 ],
            "scale": [ 0.35, 0.35, 0.35 ]
        },
        "fixed": {
            "rotation": [ 0, 0, 0 ],
            "translation": [ 0, 0, 0 ],
            "scale": [ 0.5, 0.5, 0.5 ]
        },
        "thirdperson_righthand": {
            "rotation": [ 75, 45, 0 ],
            "translation": [ 0, 2.5, 0 ],
            "scale": [ 0.375, 0.375, 0.375 ]
        },
        "firstperson_righthand": {
            "rotation": [ 0, 45, 0 ],
            "translation": [ 0, 2.5, 0 ],
            "scale": [ 0.4, 0.4, 0.4 ]
        }
    },
    "elements": [
        {
            "name": "base_1",
            "from": [ 0.50, 0.00, 3.50 ], 
            "to": [ 15.50, 1.00, 6.50 ], 
            "faces": {
                "north": { "texture": "#0", "uv": [ 0.50, 3.50, 15.50, 4.00 ], "rotation": 180 },
                "east": { "texture": "#0", "uv": [ 15.00, 3.50, 15.50, 6.50 ] },
                "south": { "texture": "#0", "uv": [ 0.50, 3.50, 15.50, 4.00 ] },
                "west": { "texture": "#0", "uv": [ 0.50, 3.50, 1.00, 6.50 ], "rotation": 90 },
                "up": { "texture": "#0", "uv": [ 0.50, 3.50, 15.50, 6.50 ] },
                "down": { "texture": "#1", "uv": [ 0.50, 9.50, 15.50, 12.50 ] }
            }
        },
        {
            "name": "base_2",
            "from": [ 1.00, 0.00, 6.50 ], 
            "to": [ 15.00, 1.00, 7.50 ], 
            "faces": {
                "east": { "texture": "#0", "uv": [ 14.50, 6.50, 15.00, 7.50 ] },
                "west": { "texture": "#0", "uv": [ 1.00, 6.50, 1.50, 7.50 ] },
                "up": { "texture": "#0", "uv": [ 1.00, 6.50, 15.00, 7.50 ] },
                "down": { "texture": "#1", "uv": [ 1.00, 8.50, 15.00, 9.50 ] }
            }
        },
        {
            "name": "base_3",
            "from": [ 0.50, 0.00, 7.50 ], 
            "to": [ 7.00, 1.00, 12.50 ], 
            "faces": {
                "north": { "texture": "#0", "uv": [ 0.50, 3.50, 7.00, 4.00 ] },
                "east": { "texture": "#0", "uv": [ 0.50, 8.00, 1.00, 11.00 ] },
                "south": { "texture": "#0", "uv": [ 0.50, 12.00, 7.00, 12.50 ] },
                "west": { "texture": "#0", "uv": [ 0.50, 7.50, 1.00, 12.50 ], "rotation": 270 },
                "up": { "texture": "#0", "uv": [ 0.50, 7.50, 7.00, 12.50 ] },
                "down": { "texture": "#1", "uv": [ 0.50, 3.50, 7.00, 8.50 ] }
            }
        },
        {
            "name": "base_4",
            "from": [ 8.50, 0.00, 7.50 ], 
            "to": [ 15.50, 1.00, 12.50 ], 
            "faces": {
                "north": { "texture": "#0", "uv": [ 8.00, 3.50, 15.00, 4.00 ] },
                "east": { "texture": "#0", "uv": [ 15.00, 7.50, 15.50, 12.50 ], "rotation": 90 },
                "south": { "texture": "#0", "uv": [ 8.50, 12.00, 15.50, 12.50 ] },
                "west": { "texture": "#0", "uv": [ 0.50, 8.00, 1.00, 12.00 ] },
                "up": { "texture": "#0", "uv": [ 8.50, 7.50, 15.50, 12.50 ] },
                "down": { "texture": "#1", "uv": [ 8.50, 3.50, 15.50, 8.50 ] }
            }
        },
        {
            "name": "base_5",
            "from": [ 7.00, 0.00, 7.50 ], 
            "to": [ 8.50, 1.00, 12.00 ], 
            "faces": {
                "south": { "texture": "#0", "uv": [ 7.00, 11.50, 8.50, 12.00 ] },
                "up": { "texture": "#0", "uv": [ 7.00, 7.50, 8.50, 12.00 ] },
                "down": { "texture": "#1", "uv": [ 7.00, 4.00, 8.50, 8.50 ] }
            }
        },
        {
            "name": "connection_1",
            "from": [ 7.00, 0.30, 12.00 ], 
            "to": [ 7.40, 0.70, 12.50 ], 
            "faces": {
                "east": { "texture": "#0", "uv": [ 7.00, 12.00, 7.50, 12.40 ] },
                "south": { "texture": "#0", "uv": [ 7.00, 12.00, 7.40, 12.40 ] },
                "up": { "texture": "#0", "uv": [ 7.00, 12.00, 7.40, 12.50 ] },
                "down": { "texture": "#0", "uv": [ 7.00, 12.00, 7.40, 12.50 ] }
            }
        },
        {
            "name": "connection_2",
            "from": [ 8.10, 0.30, 12.00 ], 
            "to": [ 8.50, 0.70, 12.50 ], 
            "faces": {
                "south": { "texture": "#0", "uv": [ 8.00, 12.00, 8.40, 12.40 ] },
                "west": { "texture": "#0", "uv": [ 8.00, 12.00, 8.50, 12.40 ] },
                "up": { "texture": "#0", "uv": [ 8.00, 12.00, 8.40, 12.50 ] },
                "down": { "texture": "#0", "uv": [ 8.00, 12.00, 8.40, 12.50 ] }
            }
        }
    ]
}