{
    "__comment": "Model generated using MrCrayfish's Model Creator (https://mrcrayfish.com/tools?id=mc)",
    "textures": {
        "0": "cdm:items/plastic_frame"
    },
    "display": {
        "gui": {
            "rotation": [ 30, 225, 0 ],
            "translation": [ 0, 2, 0 ],
            "scale": [ 0.625, 0.625, 0.625 ]
        },
        "ground": {
            "rotation": [ 0, 0, 0 ],
            "translation": [ 0, 3, 0 ],
            "scale": [ 0.35, 0.35, 0.35 ]
        },
        "fixed": {
            "rotation": [ 0, 0, 0 ],
            "translation": [ 0, 0, 0 ],
            "scale": [ 0.5, 0.5, 0.5 ]
        },
        "thirdperson_righthand": {
            "rotation": [ 75, 45, 0 ],
            "translation": [ 0, 2.5, 0 ],
            "scale": [ 0.375, 0.375, 0.375 ]
        },
        "firstperson_righthand": {
            "rotation": [ 0, 45, 0 ],
            "translation": [ 0, 2.5, 0 ],
            "scale": [ 0.4, 0.4, 0.4 ]
        }
    },
    "elements": [
        {
            "name": "body",
            "from": [ 0.50, 0.00, 0.50 ],
            "to": [ 15.50, 1.00, 15.50 ],
            "faces": {
                "north": { "texture": "#0", "uv": [ 0.50, 0.50, 15.50, 1.00 ] },
                "east": { "texture": "#0", "uv": [ 0.50, 0.50, 15.50, 1.00 ] },
                "south": { "texture": "#0", "uv": [ 0.50, 0.50, 15.50, 1.00 ] },
                "west": { "texture": "#0", "uv": [ 0.50, 0.50, 15.50, 1.00 ] },
                "up": { "texture": "#0", "uv": [ 0.50, 0.50, 15.50, 15.50 ] },
                "down": { "texture": "#0", "uv": [ 0.50, 0.50, 15.50, 15.50 ] }
            }
        }
    ]
}
