{
    "__comment": "Model generated using MrCrayfish's Model Creator (https://mrcrayfish.com/tools?id=mc)",
    "textures": {
        "0": "cdm:items/solid_state_drive"
    },
    "display": {
        "gui": {
            "rotation": [ 30, 45, 0 ],
            "translation": [ 0, 3, 0 ],
            "scale": [ 0.8, 0.8, 0.8 ]
        },
        "ground": {
            "rotation": [ 0, 0, 0 ],
            "translation": [ 0, 3, 0 ],
            "scale": [ 0.5, 0.5, 0.5 ]
        },
        "fixed": {
            "rotation": [ 0, 0, 0 ],
            "translation": [ 0, 0, 0 ],
            "scale": [ 0.5, 0.5, 0.5 ]
        },
        "thirdperson_righthand": {
            "rotation": [ 75, 45, 0 ],
            "translation": [ 0, 2.5, 0 ],
            "scale": [ 0.375, 0.375, 0.375 ]
        },
        "firstperson_righthand": {
            "rotation": [ 0, 315, 0 ],
            "translation": [ 0, 5, 0 ],
            "scale": [ 0.5, 0.5, 0.5 ]
        }
    },
    "elements": [
        {
            "name": "Cube",
            "from": [ 3.00, 0.00, 2.00 ], 
            "to": [ 13.00, 2.00, 14.00 ], 
            "faces": {
                "north": { "texture": "#0", "uv": [ 2.50, 0.00, 13.00, 2.50 ], "rotation": 180 },
                "east": { "texture": "#0", "uv": [ 12.50, 2.00, 15.00, 14.00 ], "rotation": 90 },
                "south": { "texture": "#0", "uv": [ 2.50, 13.50, 13.00, 16.00 ] },
                "west": { "texture": "#0", "uv": [ 0.50, 2.00, 3.00, 14.00 ], "rotation": 270 },
                "up": { "texture": "#0", "uv": [ 2.50, 2.00, 13.00, 14.00 ] },
                "down": { "texture": "#0", "uv": [ 2.50, 2.00, 13.00, 14.00 ], "rotation": 180 }
            }
        }
    ]
}