{
    "__comment": "Model generated using MrCrayfish's Model Creator (https://mrcrayfish.com/tools?id=mc)",
    "textures": {
        "0": "blocks/concrete_black",
        "1": "blocks/stone"
    },
    "display": {
        "gui": {
            "rotation": [ 30, 200, 0 ],
            "translation": [ 0, 14, 0 ],
            "scale": [ 2.5, 2.5, 2.5 ]
        },
        "ground": {
            "rotation": [ 0, 0, 0 ],
            "translation": [ 0, 5, 0 ],
            "scale": [ 1, 1, 1 ]
        },
        "fixed": {
            "rotation": [ 0, 0, 0 ],
            "translation": [ 0, 0, 0 ],
            "scale": [ 0.5, 0.5, 0.5 ]
        },
        "thirdperson_righthand": {
            "rotation": [ 75, 45, 0 ],
            "translation": [ 0, 2.5, 7 ],
            "scale": [ 1, 1, 1 ]
        },
        "firstperson_righthand": {
            "rotation": [ 0, 0, 0 ],
            "translation": [ 0, 9, 0 ],
            "scale": [ 1, 1, 1 ]
        }
    },
    "elements": [
        {
            "name": "wheel_1",
            "from": [ 6.70, 0.00, 7.00 ], 
            "to": [ 7.80, 2.50, 9.50 ], 
            "faces": {
                "north": { "texture": "#0", "uv": [ 0.00, 0.00, 1.10, 2.50 ] },
                "east": { "texture": "#0", "uv": [ 0.00, 0.00, 2.50, 2.50 ] },
                "south": { "texture": "#0", "uv": [ 0.00, 0.00, 1.10, 2.50 ] },
                "west": { "texture": "#0", "uv": [ 0.00, 0.00, 2.50, 2.50 ] },
                "up": { "texture": "#0", "uv": [ 0.00, 0.00, 1.10, 2.50 ] },
                "down": { "texture": "#0", "uv": [ 0.00, 0.00, 1.10, 2.50 ] }
            }
        },
        {
            "name": "wheel_5",
            "from": [ 8.10, 0.00, 7.00 ], 
            "to": [ 9.20, 2.50, 9.50 ], 
            "faces": {
                "north": { "texture": "#0", "uv": [ 0.00, 0.00, 1.10, 2.50 ] },
                "east": { "texture": "#0", "uv": [ 0.00, 0.00, 2.50, 2.50 ] },
                "south": { "texture": "#0", "uv": [ 0.00, 0.00, 1.10, 2.50 ] },
                "west": { "texture": "#0", "uv": [ 0.00, 0.00, 2.50, 2.50 ] },
                "up": { "texture": "#0", "uv": [ 0.00, 0.00, 1.10, 2.50 ] },
                "down": { "texture": "#0", "uv": [ 0.00, 0.00, 1.10, 2.50 ] }
            }
        },
        {
            "name": "wheel_axel_1",
            "from": [ 7.80, 0.20, 7.20 ], 
            "to": [ 8.10, 2.30, 9.30 ], 
            "faces": {
                "north": { "texture": "#1", "uv": [ 0.00, 0.00, 0.30, 2.10 ] },
                "south": { "texture": "#1", "uv": [ 0.00, 0.00, 0.30, 2.10 ] },
                "west": { "texture": "#1", "uv": [ 0.00, 0.00, 2.10, 2.10 ] },
                "up": { "texture": "#1", "uv": [ 0.00, 0.00, 0.30, 2.10 ] },
                "down": { "texture": "#1", "uv": [ 0.00, 0.00, 0.30, 2.10 ] }
            }
        }
    ]
}